SPECIES,Average length,Number of series per species,GENUS,FAMILY,LATITUDE,LONGITUDE,POLLINATION TYPE,SEED DISPERSAL TYPE,LIFEFORM,COUNTRY,CONTINENT,HEMISPHERE,SITE,CV,SD TMAX ANNUAL,SD TMIN ANNUAL,SD TMAX SUMMER,SD TMIN SUMMER,SD TMAX SPRING,SD TMIN SPRING,CV PRECIP ANNUAL,CV PRECIP SPRING,CV PRECIP SUMMER,acf1,acf2,acf3,acf4,MIDYEAR
abies_amabilis,10.46153846,13,ABIES,PINACEAE,46.51326615,-122.1178415,WIND,non,T,USA,NAM,N,BARE MOUNTAIN,1.914640013,81.43538462,82.89307692,140.92,56.54,109.11,82.99,0.148939387,0.204297463,0.336393737,-0.314566097,-0.187709269,0.317364228,-0.268454289,1967
abies_balsamea,11.83333333,6,ABIES,PINACEAE,51.23678833,-55.75082833,WIND,non,T,CANADA,NAM,N,TANTARE RESERVE,0.908730053,73.57166667,95.72833333,95.175,84.86166667,100.0616667,49,0.143037004,0.287770098,0.272382255,-0.052349229,-0.17761633,-0.028761826,-0.072195723,1991
abies_concolor,10,2,ABIES,PINACEAE,49.086945,-48.4652,WIND,non,T,USA,NAM,N,STANISLAUS NF,1.745878875,98.97,96.595,105.325,78.08,114.735,97.865,0.217662057,0.649377885,0.415759141,-0.378854494,-0.106225076,0.158212779,-0.176252336,1955
abies_grandis,14.6,5,ABIES,PINACEAE,45.987322,-122.041452,WIND,non,T,CANADA,NAM,N,"BC,COWICHAN LAK",1.450814307,79.616,84.49,130.992,72.802,118.996,83.454,0.148254613,0.372669754,0.365031515,-0.515471206,0.095811869,0.094054152,-0.094521626,1965
abies_lasiocarpa,13.44444444,9,ABIES,PINACEAE,43.83407667,-114.273377,WIND,non,T,USA,NAM,N,BIG MEADOWS CREEK,2.124765608,92.94777778,90.75,115.6922222,69.63444444,107.5644444,83.00666667,0.171235441,0.451470201,0.391585341,-0.213668603,-0.117847117,-0.006864366,-0.03181209,1974
abies_magnifica_shastentis,9,2,ABIES,PINACEAE,43.082395,-121.76687,WIND,non,T,USA,NAM,N,BESSIE ROCK,1.719285613,70.99,61.735,115.345,101.055,150.67,94.76,0.173097103,0.733692906,0.479201548,-0.386109182,-0.293823928,0.478650121,-0.202824989,1968
abies_mariesii,16,1,ABIES,PINACEAE,40.65,140.866667,WIND,non,T,JAPAN,ASI,N,MOUNT IOH,1.147742913,58.39,61.15,157.3,80.25,137.75,38.1,0.187507343,0.282254239,0.329727707,-0.063503515,-0.230398792,0.010009835,-0.050828745,1982
abies_procera,10.44444444,9,ABIES,PINACEAE,45.92933,-121.9653178,WIND,non,T,USA,NAM,N,BLUE LAKE,1.638340859,84.92888889,88.72555556,140.92,56.54,109.11,82.99,0.161547715,0.151394109,0.344061902,-0.322009492,-0.203364324,0.329294949,-0.279194517,1967
abies_sibirica,11.66666667,3,ABIES,PINACEAE,61.07231667,25.79051333,WIND,non,T,FINLAND,EUR,N,BROMARV 244,1.033093396,102.2933333,128.02,129.2233333,85.41333333,110.1866667,78.345,0.157307446,0.343142589,0.307664003,-0.232802368,0.14137319,-0.088704022,-0.063689786,1966
abies_veitchii,8,1,ABIES,PINACEAE,60,23.0666,WIND,non,T,FINLAND,EUR,N,BROMARV 218,2.242981367,96.28,127.42,132.14,78.64,99.59,71.96,0.180871928,0.373822067,0.358089227,-0.187953639,-0.231950968,0.002671852,-0.091988164,1966
acacia_adsurgens,8,1,ACACIA,FABACEAE,-26.40161,117.21251,ANIMAL,dys,S,AUSTRALIA,OCE,S,EJAH,1.795320657,72.61,48.53,74.58,63.8,94.68,57.16,0.240540005,0.481197223,0.754664077,-0.210202347,-0.224748447,-0.109416808,-0.175149369,1968
acacia_aneura,7.75,4,ACACIA,FABACEAE,-26.3664125,117.277478,ANIMAL,dys,S,AUSTRALIA,OCE,S,APUS,1.897950983,72.61,48.53,77.5075,63.425,91.3475,61.6575,0.257803121,0.493362841,0.888131764,-0.142442004,-0.210899013,0.025797071,-0.1164179,1968
acacia_craspedocarpa,7,1,ACACIA,FABACEAE,-26.40161,117.21251,ANIMAL,dys,S,AUSTRALIA,OCE,S,EJAH,1.91859301,72.61,48.53,74.58,63.8,94.68,57.16,0.240540005,0.481197223,0.754664077,-0.279118062,0.184095803,-0.174150193,-0.113694023,1968
acacia_craspedocarpa_x_aneura,7,1,ACACIA,FABACEAE,-26.26683,117.192112,ANIMAL,dys,S,AUSTRALIA,OCE,S,APUS,1.997403158,72.61,48.53,74.58,63.8,94.68,57.16,0.245471284,0.505528458,0.910334872,-0.262937265,-0.083550159,-0.125325239,-0.167100318,1968
acacia_cuthbertsonii,8,1,ACACIA,FABACEAE,-26.40161,117.21251,ANIMAL,dys,S,AUSTRALIA,OCE,S,EJAH,1.37994728,72.61,48.53,74.58,63.8,94.68,57.16,0.240540005,0.481197223,0.754664077,-0.185609278,-0.053298277,-0.243340231,0.072919876,1968
acacia_grasbyi,8,1,ACACIA,FABACEAE,-26.40161,117.21251,ANIMAL,dys,S,AUSTRALIA,OCE,S,EJAH,1.89778279,72.61,48.53,74.58,63.8,94.68,57.16,0.240540005,0.481197223,0.754664077,-0.229191385,-0.268856522,0.302102161,-0.158660546,1968
acacia_hayesii,15,1,ACACIA,FABACEAE,9.1521,-79.84647,ANIMAL,dys,LV,PANAMA,NAM,N,BCI,1.355452282,37.89843616,27.91045734,32.39,48.02,36.78,43.37,0.178599245,0.273470844,0.350875182,-0.041071942,0.030156842,0.073800533,-0.175051646,1994
acacia_sclerosperma,8,2,ACACIA,FABACEAE,-26.293855,117.16214,ANIMAL,dys,S,AUSTRALIA,OCE,S,EJAH,1.167104206,72.61,48.53,74.58,63.8,94.68,57.16,0.249553999,0.493362841,0.830239066,-0.124457924,-0.256168803,-0.027769483,0.013612774,1968
acacia_victoriae,8,2,ACACIA,FABACEAE,-26.388495,117.28034,ANIMAL,dys,S,AUSTRALIA,OCE,S,EJAH,1.428545498,72.61,48.53,74.58,63.8,94.68,57.16,0.243995227,0.481197223,0.813341282,-0.200308306,-0.089341288,0.061552851,-0.072108088,1968
acer_amoenum,13,2,ACER,SAPINDACEAE,40.13308,141.21852,ANIMAL,non,T,JAPAN,ASI,N,OGAWA FOREST PRESERVE,1.301498849,61.265,58.945,97.845,74.815,73.61,53.025,0.162155214,0.276109461,0.382738224,-0.155592077,0.104846274,0.081002446,-0.062568833,1993
acer_mono,9.5,2,ACER,SAPINDACEAE,36.9333,140.5833,ANIMAL,non,T,JAPAN,ASI,N,OGAWA FOREST PRESERVE,1.281438725,57.71,51.97,81.9,52.35,68.99,62.59,0.146928186,0.269964682,0.304109404,-0.530034583,0.008180001,0.005467529,0.004499396,1992
acer_platanoides,22,1,ACER,SAPINDACEAE,52.7385,23.81147,ANIMAL,non,T,POLAND,EUR,N,BIALOWIEZA,1.347662746,89.41,115.54,139.71,92.63,140.94,86.68,0.158231,0.322785011,0.349110646,0.021155044,-0.167147523,-0.114058835,-0.096275904,1978
acer_saccharum,13,4,ACER,SAPINDACEAE,44.4091425,-76.69070675,ANIMAL,non,T,USA,NAM,N,GREENE COUNTY,1.141927337,82.7325,97.5325,88.225,64.0775,99.76,83.045,0.126804977,0.326289618,0.245154329,-0.303302872,-0.021747485,0.022199453,-0.025479673,1979
aegiphila_cephalophora,15,1,AEGIPHILA,LAMIACEAE,9.1521,-79.84647,ANIMAL,endo,LV,PANAMA,NAM,N,BCI,0.975526539,37.89843616,27.91045734,32.39,48.02,36.78,43.37,0.178599245,0.273470844,0.350875182,0.01269751,-0.377469026,-0.180235946,0.204780518,1994
aesculus_turbinata,6,1,AESCULUS,SAPINDACEAE,35.282,135.7135,ANIMAL,dys,T,JAPAN,ASI,N,ASHIU FOREST,0.629824795,65.1,67.85,103.08,90.44,69.45,63.39,0.136676833,0.441372077,0.33324866,-0.006250256,-0.594493812,-0.125878731,0.239759935,1982
alchornea_costaricensis,15,1,ALCHORNEA,EUPHORBIACEAE,9.1521,-79.84647,ANIMAL,endo,T,PANAMA,NAM,N,BCI,0.681948773,37.89843616,27.91045734,32.39,48.02,36.78,43.37,0.178599245,0.273470844,0.350875182,-0.237137782,0.154483572,0.087978363,-0.27896299,1994
alnus_glutinosa,17.66666667,3,ALNUS,BETULACEAE,58.900689,19.41518233,WIND,non,T,DENMARK,EUR,N,DRAVED FOREST,0.940939642,100.7533333,115.2433333,124.92,73.33666667,104.7,77.205,0.169375507,0.330597199,0.323084776,-0.371450169,-0.00767267,0.071405388,-0.028686934,1973
alnus_hirsuta,12,1,ALNUS,BETULACEAE,43.33286,141.85374,WIND,non,T,JAPAN,ASI,N,BIBAI HOKKAIDO,1.034520322,64.82,65.92,113.79,97.28,78.23,43.46,0.183248888,0.282254239,0.501857277,0.081188142,0.335662053,-0.053606164,0.173252801,1992
alnus_incana,14.9375,16,ALNUS,BETULACEAE,63.76541683,-93.39952431,WIND,non,T,USA,NAM,N,FP1A,1.38348978,113.9875,132.07375,107.808125,86.079375,124.48125,54.70785714,0.229178666,0.339125856,0.359070765,-0.157100368,0.078318633,0.008368605,-0.033174483,1988
alseis_blackiana,12,1,ALSEIS,RUBIACEAE,9.1521,-79.84647,ANIMAL,non,T,PANAMA,NAM,N,BCI,1.357016511,37.89843616,27.91045734,32.39,48.02,36.78,43.37,0.178599245,0.273470844,0.350875182,-0.405584128,-0.037558088,0.087613302,-0.24681769,1996
amorpha_fruitcosa,8,1,AMORPHA,FABACEAE,42.4089,-85.3888,ANIMAL,dys,S,USA,NAM,N,"KELLOGG FOREST,",0.816496581,72.22,85.94,97.13,53.95,128.76,107.39,0.22039524,0.346748679,0.268795528,-0.047619048,-0.095238095,0.19047619,-0.214285714,1958
amphilophium_paniculatum,15,1,AMPHILOPHIUM,BIGNONIACEAE,9.1521,-79.84647,ANIMAL,non,LV,PANAMA,NAM,N,BCI,0.869245967,37.89843616,27.91045734,32.39,48.02,36.78,43.37,0.178599245,0.273470844,0.350875182,0.034534113,0.291760611,0.153208997,-0.132890493,1994
anacardium_excelsum,15,1,ANACARDIUM,ANACARDIACEAE,9.1521,-79.84647,ANIMAL,endo,T,PANAMA,NAM,N,BCI,0.783001804,37.89843616,27.91045734,32.39,48.02,36.78,43.37,0.178599245,0.273470844,0.350875182,-0.307974405,-0.290940535,0.187382705,-0.126690133,1994
annona_spraguei,15,1,ANNONA,ANNONACEAE,9.1521,-79.84647,ANIMAL,endo,T,PANAMA,NAM,N,BCI,0.968590217,37.89843616,27.91045734,32.39,48.02,36.78,43.37,0.178599245,0.273470844,0.350875182,-0.199519344,-0.252127307,0.172954661,-0.143804072,1994
anthodon_panamense,15,1,ANTHODON,CELASTRACEAE,9.1521,-79.84647,ANIMAL,non,LV,PANAMA,NAM,N,BCI,1.349873877,37.89843616,27.91045734,32.39,48.02,36.78,43.37,0.178599245,0.273470844,0.350875182,-0.117990688,0.362524112,-0.375717603,0.057167281,1994
apeiba_aspera,15,1,APEIBA,MALVACEAE,9.1521,-79.84647,ANIMAL,dys,T,PANAMA,NAM,N,BCI,0.803735385,37.89843616,27.91045734,32.39,48.02,36.78,43.37,0.178599245,0.273470844,0.350875182,0.235471772,0.365366724,0.084142254,-0.072644667,1994
araucaria_araucana,7.714285714,7,ARAUCARIA,ARAUCARIACEAE,-39.33894286,-71.28752857,WIND,dys,T,ARGENTINA,SAM,S,CAL,0.918952278,62.79,53.13,132.98,74.37,103.8,63.56,0.249461985,0.345650264,0.544848485,-0.107316642,-0.453483321,0.112175305,0.207809147,2005
arbutus_unedo,12,1,ARBUTUS,ERICACEAE,37.93281,-2.91661,ANIMAL,endo,S,SPAIN,EUR,N,GUADAHORNILLOS VALLEY,1.001449746,74.61,50.65,53.92,47.78,56.49,60.53,0.15288689,0.534251557,0.522145828,0.177446755,-0.200510829,-0.337656001,-0.271816536,1984
arrabidaea_candicans,15,1,ARRABIDAEA,BIGNONIACEAE,9.1521,-79.84647,ANIMAL,non,LV,PANAMA,NAM,N,BCI,1.545102467,37.89843616,27.91045734,32.39,48.02,36.78,43.37,0.178599245,0.273470844,0.350875182,-0.054592933,0.04516237,-0.037947775,0.114198282,1994
arrabidaea_chica,15,1,ARRABIDAEA,BIGNONIACEAE,9.1521,-79.84647,ANIMAL,non,LV,PANAMA,NAM,N,BCI,2.050993304,37.89843616,27.91045734,32.39,48.02,36.78,43.37,0.178599245,0.273470844,0.350875182,-0.008144399,0.099406807,-0.224422914,0.145779147,1994
arrabidaea_verrucosa,15,1,ARRABIDAEA,BIGNONIACEAE,9.1521,-79.84647,ANIMAL,non,LV,PANAMA,NAM,N,BCI,1.470632773,37.89843616,27.91045734,32.39,48.02,36.78,43.37,0.178599245,0.273470844,0.350875182,-0.023084804,-0.039446879,0.126266493,-0.176167418,1994
astragalus_scaphoides,13.33333333,3,ASTRAGALUS,FABACEAE,44.99802333,-113.4385833,ANIMAL,dys,F,USA,NAM,N,MCDEVITT CREEK,1.428599356,92.56,82.37666667,120.85,97.58,146.28,96.45,0.176359946,0.633515696,0.400438838,-0.368481495,0.338584715,-0.163491646,-0.051427983,1993
astrocaryum_mexicanum,12,1,ASTROCARYUM,ARECACEAE,18.42209,-95.04933,ANIMAL,dys,T,MEXICO,NAM,N,LOS TUXLAS,0.253824933,91.92,90.57,25.32,10.54,41.32,23.09,0.25759402,0.259452228,0.434417513,-0.225297061,-0.220762977,0.30065666,-0.412445278,1980
astronium_graveolens,15,1,ASTRONIUM,ANACARDIACEAE,9.1521,-79.84647,ANIMAL,non,T,PANAMA,NAM,N,BCI,1.930870077,37.89843616,27.91045734,32.39,48.02,36.78,43.37,0.178599245,0.273470844,0.350875182,-0.279742013,0.062614322,0.203995028,-0.257032496,1994
beilschmiedia_pendula,15,1,BEILSCHMIEDIA,LAURACEAE,9.1521,-79.84647,ANIMAL,endo,T,PANAMA,NAM,N,BCI,1.092203967,37.89843616,27.91045734,32.39,48.02,36.78,43.37,0.178599245,0.273470844,0.350875182,-0.603612057,0.586386317,-0.300660717,0.229813123,1994
bertholletia_excelsa,6,4,BERTHOLLETIA,LAURACEAE,-1.26106525,-62.83028625,ANIMAL,dys,T,BRAZIL,SAM,S,São João da Baliza,0.916258459,85.54,130.24,77.305,27.125,64.54,25.785,0.132204068,0.406125685,0.306495321,-0.075131501,-0.178570186,0.005159536,-0.173194984,2008
betula_alleghaniensis,9,2,BETULA,BETULACEAE,45.503925,-71.46049,WIND,non,T,USA,NAM,N,BOWL NATURAL AREA,1.415203205,73.695,92.88,75.61,64.76,95.36,80.55,0.127012329,0.304821097,0.256764826,-0.336555247,-0.004074924,0.028272453,0.009538539,1984
betula_maximowicziana,12,1,BETULA,BETULACEAE,43.33286,141.85374,WIND,non,T,JAPAN,ASI,N,BIBAI HOKKAIDO,2.103104709,64.82,65.92,113.79,97.28,78.23,43.46,0.183248888,0.282254239,0.501857277,-0.08079132,-0.054906256,0.222322531,-0.019256179,1992
betula_neoalaskana,20.375,8,BETULA,BETULACEAE,64.70991314,-148.2606172,WIND,non,T,USA,NAM,N,FP1A,1.347002247,118,130.43,99.15,85.51,126.25,46.9,0.281507209,0.341776141,0.392137494,-0.134989684,-0.025300213,0.027121635,0.123975163,1997
betula_papyrifera,13,5,BETULA,BETULACEAE,52.36006,-51.73902,WIND,non,T,CANADA,NAM,N,STAND 1,1.065044872,76.192,98.382,103.896,90.436,99.562,41.882,0.14032887,0.277927948,0.262976801,-0.264910813,-0.037188807,-0.209268567,0.118919132,1993
betula_pendula,5.666666667,3,BETULA,BETULACEAE,65.93916667,18.8303,WIND,non,T,SWEDEN,EUR,N,POP 4,1.001761672,71.8,68.88,127.8766667,84.85333333,109.14,54.99,0.143269129,0.347334308,0.309102545,-0.516994607,0.153019987,-0.35842755,0.271938886,1986
betula_platyphylla,12,1,BETULA,BETULACEAE,43.33286,141.85374,WIND,non,T,JAPAN,ASI,N,BIBAI HOKKAIDO,2.956327997,64.82,65.92,113.79,97.28,78.23,43.46,0.183248888,0.282254239,0.501857277,-0.01591933,-0.0254813,-0.028687594,-0.007724913,1992
betula_pubescens,11.55,20,BETULA,BETULACEAE,63.99246435,25.41318185,WIND,non,T,DENMARK,EUR,N,DRAVED FOREST,1.048931128,93.971,103.7875,117.551,77.3395,99.8285,81.72,0.151054568,0.341531828,0.323794711,-0.358534572,0.081363855,0.107359387,-0.094017589,1967
betula_verrucosa,9.866666667,15,BETULA,BETULACEAE,63.05664667,26.148274,WIND,non,T,FINLAND,EUR,N,HAMMERLAND III,0.987242406,96.87466667,113.7813333,120.3326667,80.496,107.6186667,81.20833333,0.150146116,0.341851299,0.318645627,-0.390903175,0.087085718,0.099692081,-0.139357126,1966
brosimum_alicastrum,15,1,BROSIMUM,MORACEAE,9.1521,-79.84647,WIND,endo,T,PANAMA,NAM,N,BCI,0.886576347,37.89843616,27.91045734,32.39,48.02,36.78,43.37,0.178599245,0.273470844,0.350875182,-0.381216589,0.189792464,-0.264394187,0.263820132,1994
callichlamys_latifolia,15,1,CALLICHLAMYS,BIGNONIACEAE,9.1521,-79.84647,ANIMAL,non,LV,PANAMA,NAM,N,BCI,1.707443041,37.89843616,27.91045734,32.39,48.02,36.78,43.37,0.178599245,0.273470844,0.350875182,-0.064386506,0.426124751,0.00480176,-0.08541576,1994
caragana_arboresc,8,1,CARAGANA,FABACEAE,42.4089,-85.3888,ANIMAL,dys,S,USA,NAM,N,"KELLOGG FOREST,",0.456121308,72.22,85.94,97.13,53.95,128.76,107.39,0.22039524,0.346748679,0.268795528,-0.260650224,0.039237668,-0.216928251,0.015695067,1958
carpinus_betulus,16.5,2,CARPINUS,BETULACEAE,50.1025835,15.655735,WIND,non,T,SWITZERLAND,EUR,N,HOFSTETTEN,1.463537453,93.155,97.43,124.555,73.07,128.085,85.625,0.167795687,0.297655695,0.324281211,-0.209082843,-0.051140945,-0.096867492,0.043760854,1991
carpinus_cordata,9.5,2,CARPINUS,BETULACEAE,36.9333,140.5833,WIND,non,T,JAPAN,ASI,N,OGAWA FOREST PRESERVE,1.770547644,57.71,51.97,81.9,52.35,68.99,62.59,0.146928186,0.269964682,0.304109404,-0.371809542,0.131739301,0.060039371,-0.05187919,1992
carpinus_japonica,9.5,2,CARPINUS,BETULACEAE,36.9333,140.5833,WIND,non,T,JAPAN,ASI,N,OGAWA FOREST PRESERVE,1.986603138,57.71,51.97,81.9,52.35,68.99,62.59,0.146928186,0.269964682,0.304109404,-0.206571891,-0.09353207,-0.089680172,0.011281813,1992
carpinus_tschonoskii,9.5,2,CARPINUS,BETULACEAE,36.9333,140.5833,WIND,non,T,JAPAN,ASI,N,OGAWA FOREST PRESERVE,1.829050945,57.71,51.97,81.9,52.35,68.99,62.59,0.146928186,0.269964682,0.304109404,-0.410424684,0.245182142,-0.249891234,-0.080104149,1992
carya_floridana,27,3,CARYA,JUGLANDACEAE,27.2,-82.35,WIND,dys,T,USA,NAM,N,SCRUBBY FLATWOODS,1.72749764,77.75,71.67,34.67,32.89,46.86,60.54,0.189120511,0.354629656,0.295684978,0.046722323,0.332763388,0.087012525,-0.004433251,1982
carya_glabra,6,1,CARYA,JUGLANDACEAE,39.336,-82.25282,WIND,dys,T,USA,NAM,N,WATERLOO EXPERIMENT STATION,0.80007409,87.01,94.14,66.64,58.66,95.19,100.31,0.135006226,0.335069739,0.236922274,-0.147734079,-0.021276854,-0.128282691,-0.306693894,1974
carya_ovata,6,1,CARYA,JUGLANDACEAE,39.336,-82.25282,WIND,dys,T,USA,NAM,N,WATERLOO EXPERIMENT STATION,1.265727589,87.01,94.14,66.64,58.66,95.19,100.31,0.135006226,0.335069739,0.236922274,-0.052265126,-0.167434916,-0.073966564,-0.316041064,1974
carya_tomentosa,6,1,CARYA,JUGLANDACEAE,39.336,-82.25282,WIND,dys,T,USA,NAM,N,WATERLOO EXPERIMENT STATION,0.687124136,87.01,94.14,66.64,58.66,95.19,100.31,0.135006226,0.335069739,0.236922274,-0.695425548,0.48616773,-0.3092267,0.009771277,1974
casearia_arborea,15,1,CASEARIA,SALICACEAE,9.1521,-79.84647,ANIMAL,endo,T,PANAMA,NAM,N,BCI,1.20751116,37.89843616,27.91045734,32.39,48.02,36.78,43.37,0.178599245,0.273470844,0.350875182,0.332850964,0.570137438,0.049913408,0.063911177,1994
castanea_crenata,14,1,CASTANEA,FAGACEAE,36.9333,140.5833,ANIMAL,dys,T,JAPAN,ASI,N,OGAWA FOREST PRESERVE,2.966280626,57.71,51.97,81.9,52.35,68.99,62.59,0.146928186,0.269964682,0.304109404,-0.130989768,0.117450124,-0.140592758,-0.141247095,1994
castanopsis_cuspidata,8,1,CASTANOPSIS,FAGACEAE,35.282,135.7135,WIND,dys,T,JAPAN,ASI,N,ASHIU FOREST,0.703940088,65.1,67.85,103.08,90.44,69.45,63.39,0.136676833,0.441372077,0.33324866,-0.210626614,0.160273082,-0.383005179,-0.064124793,1986
celtis_iguanaeus,15,1,CELTIS,CANNABACEAE,9.1521,-79.84647,WIND,endo,LV,PANAMA,NAM,N,BCI,1.3732855,37.89843616,27.91045734,32.39,48.02,36.78,43.37,0.178599245,0.273470844,0.350875182,-0.298430346,-0.018933896,-0.225251031,0.605843525,1994
ceratophytum_tetragonolobum,15,1,CERATOPHYTUM,BIGNONIACEAE,9.1521,-79.84647,ANIMAL,non,LV,PANAMA,NAM,N,BCI,2.244940764,37.89843616,27.91045734,32.39,48.02,36.78,43.37,0.178599245,0.273470844,0.350875182,0.016351545,-0.197488529,-0.179660646,0.030816602,1994
chamaecyparis_obtusa,10,1,CHAMAECYPARIS,CUPRESSACEAE,35.282,135.7135,WIND,non,T,JAPAN,ASI,N,ASHIU FOREST,0.709108067,65.1,67.85,103.08,90.44,69.45,63.39,0.136676833,0.441372077,0.33324866,-0.183049668,-0.237157318,0.247654271,0.045723736,1970
chionochloa_austalis,23,1,CHIONOCHLOA,POACEAE,-41.93333,172.6666,WIND,non,G,NEW ZEALAND,OCE,S,MT MISERY,1.761593936,46.99,48.54,86.39,44.79,49.54,42.83,0.125027584,0.323594494,0.263177012,-0.17156978,-0.243386084,0.108496219,-0.151133056,1987
chionochloa_conspicua,19,2,CHIONOCHLOA,POACEAE,-42.7166635,171.55,WIND,non,G,NEW ZEALAND,OCE,S,CAMP CREEK,1.573633349,46.99,48.54,86.39,44.79,49.54,42.83,0.125027584,0.323594494,0.263177012,-0.344663118,-0.213087748,0.122923637,-0.073529806,1988
chionochloa_crassiuscula,22.75,4,CHIONOCHLOA,POACEAE,-43.998615,169.5966175,WIND,non,G,NEW ZEALAND,OCE,S,CAMP CREEK,2.14026387,46.99,48.54,86.39,44.79,49.54,42.83,0.125027584,0.323594494,0.263177012,0.033261349,-0.126396726,0.011135653,-0.039976676,1987
chionochloa_flavescens,20,2,CHIONOCHLOA,POACEAE,-42.7166635,171.55,WIND,non,G,NEW ZEALAND,OCE,S,CAMP CREEK,1.436611685,46.99,48.54,86.39,44.79,49.54,42.83,0.125027584,0.323594494,0.263177012,-0.169772243,-0.217130297,0.094673004,-0.210790836,1988
chionochloa_macra,9,1,CHIONOCHLOA,POACEAE,-43.46923,171.539,WIND,non,G,NEW ZEALAND,OCE,S,MT HUTT,1.281514525,46.99,48.54,86.39,44.79,49.54,42.83,0.125027584,0.323594494,0.263177012,-0.359818204,0.346355527,-0.389994521,-0.078259296,1994
chionochloa_oreophila,19,2,CHIONOCHLOA,POACEAE,-42.7166635,171.55,WIND,non,G,NEW ZEALAND,OCE,S,CAMP CREEK,1.208243176,46.99,48.54,86.39,44.79,49.54,42.83,0.125027584,0.323594494,0.263177012,0.039520754,-0.276389468,-0.024013801,0.045143657,1988
chionochloa_pallens,19.9,10,CHIONOCHLOA,POACEAE,-43.619702,170.879207,WIND,non,G,NEW ZEALAND,OCE,S,CAMP CREEK,1.971655717,46.99,48.54,86.39,44.79,49.54,42.83,0.125027584,0.323594494,0.263177012,-0.041316577,-0.112181385,0.067630586,-0.053222553,1993
chionochloa_rigida,26.5,2,CHIONOCHLOA,POACEAE,-45.2805665,167.643235,WIND,non,G,NEW ZEALAND,OCE,S,TAKAHE VALLEY,2.546314827,46.99,48.54,86.39,44.79,49.54,42.83,0.125027584,0.323594494,0.263177012,-0.054433674,-0.054891879,0.058334528,-0.079503685,1986
chionochloa_rubra,22.75,4,CHIONOCHLOA,POACEAE,-43.998615,169.5966175,WIND,non,G,NEW ZEALAND,OCE,S,CAMP CREEK,1.970771775,46.99,48.54,86.39,44.79,49.54,42.83,0.125027584,0.323594494,0.263177012,-0.100052896,-0.193087891,0.055898679,-0.00161786,1987
chionochloa_spiralis,7,1,CHIONOCHLOA,POACEAE,-45.2778,167.63647,WIND,non,G,NEW ZEALAND,OCE,S,TAKAHE VALLEY,2.269116735,46.99,48.54,86.39,44.79,49.54,42.83,0.125027584,0.323594494,0.263177012,-0.031374794,-0.063732383,-0.009122863,-0.102682253,1996
chionochloa_teretifolia,26.5,2,CHIONOCHLOA,POACEAE,-45.2805665,167.643235,WIND,non,G,NEW ZEALAND,OCE,S,TAKAHE VALLEY,2.791892281,46.99,48.54,86.39,44.79,49.54,42.83,0.125027584,0.323594494,0.263177012,-0.099458588,-0.088318699,0.04719748,-0.093053383,1986
chrysophyllum_cainito,15,1,CHRYSOPHYLLUM,SAPOTACEAE,9.1521,-79.84647,ANIMAL,endo,T,PANAMA,NAM,N,BCI,0.783762522,37.89843616,27.91045734,32.39,48.02,36.78,43.37,0.178599245,0.273470844,0.350875182,0.133138386,-0.537048442,-0.267816435,0.08268836,1994
cissus_erosa,15,1,CISSUS,VITACEAE,9.1521,-79.84647,ANIMAL,endo,LV,PANAMA,NAM,N,BCI,0.789300919,37.89843616,27.91045734,32.39,48.02,36.78,43.37,0.178599245,0.273470844,0.350875182,0.050102597,0.071634745,0.046381263,-0.294446244,1994
coccoloba_parimensis,15,1,COCCOLOBA,POLYGONACEAE,9.1521,-79.84647,ANIMAL,endo,LV,PANAMA,NAM,N,BCI,1.123021277,37.89843616,27.91045734,32.39,48.02,36.78,43.37,0.178599245,0.273470844,0.350875182,-0.27398464,-0.171959685,-0.180417891,0.23549779,1994
combretum_decandrum,15,1,COMBRETUM,COMBRETACEAE,9.1521,-79.84647,WIND,non,LV,PANAMA,NAM,N,BCI,0.889304526,37.89843616,27.91045734,32.39,48.02,36.78,43.37,0.178599245,0.273470844,0.350875182,-0.2859744,0.279550236,-0.324556787,0.227876889,1994
cordia_alliodora,15,1,CORDIA,BORAGINACEAE,9.1521,-79.84647,ANIMAL,non,T,PANAMA,NAM,N,BCI,0.533881007,37.89843616,27.91045734,32.39,48.02,36.78,43.37,0.178599245,0.273470844,0.350875182,0.149726357,-0.04056253,-0.054682951,0.03875272,1994
cordia_bicolor,15,1,CORDIA,BORAGINACEAE,9.1521,-79.84647,ANIMAL,endo,T,PANAMA,NAM,N,BCI,0.756705303,37.89843616,27.91045734,32.39,48.02,36.78,43.37,0.178599245,0.273470844,0.350875182,-0.155882204,-0.018240738,-0.270667076,-0.076961934,1994
cordia_lasiocalyx,15,1,CORDIA,BORAGINACEAE,9.1521,-79.84647,ANIMAL,endo,T,PANAMA,NAM,N,BCI,0.555665685,37.89843616,27.91045734,32.39,48.02,36.78,43.37,0.178599245,0.273470844,0.350875182,-0.112846345,0.002121663,-0.194575115,-0.142788229,1994
cornus_amomum,8,1,CORNUS,CORNACEAE,42.4089,-85.3888,ANIMAL,endo,T,USA,NAM,N,"KELLOGG FOREST,",0.894324085,72.22,85.94,97.13,53.95,128.76,107.39,0.22039524,0.346748679,0.268795528,-0.396766473,0.01556495,0.115619104,0.084934666,1958
cornus_mas,7,1,CORNUS,CORNACEAE,42.4089,-85.3888,ANIMAL,endo,T,USA,NAM,N,"KELLOGG FOREST,",0.425059456,72.22,85.94,97.13,53.95,128.76,107.39,0.22039524,0.346748679,0.268795528,-0.09541009,-0.041174288,0.02680089,0.093406853,1958
corylus_avellana,20,2,CORYLUS,BETULACEAE,57.5083335,16.0166335,WIND,non,T,DENMARK,EUR,N,DRAVED FOREST,1.021145929,98.25,111.72,136.855,72.505,91.36,72.91,0.179134066,0.350550366,0.330981443,-0.155945357,0.014606324,0.091152417,-0.013175426,1976
coussarea_curvigemmia,15,1,COUSSAREA,RUBIACEAE,9.1521,-79.84647,ANIMAL,endo,T,PANAMA,NAM,N,BCI,2.159868989,37.89843616,27.91045734,32.39,48.02,36.78,43.37,0.178599245,0.273470844,0.350875182,-0.158363305,-0.129350358,-0.145021025,0.287524976,1994
crataegus_flava,9,1,CRATAEGUS,ROSACEAE,38.3,-81.61666,ANIMAL,endo,T,USA,NAM,N,SAVANNAH RIVER SITE,0.832703202,85.94,59.76,77.4,54.01,71.77,68.6,0.178692393,0.297719133,0.300804177,0.218999744,-0.294470716,-0.251264904,-0.01949782,1999
crataegus_sp,8,1,CRATAEGUS,ROSACEAE,42.4089,-85.3888,ANIMAL,endo,T,USA,NAM,N,"KELLOGG FOREST,",0.482617413,72.22,85.94,97.13,53.95,128.76,107.39,0.22039524,0.346748679,0.268795528,-0.331043414,-0.181672422,0.063307844,-0.063986186,1958
cydista_aequinoctialis,15,1,CYDISTA,BIGNONIACEAE,9.1521,-79.84647,ANIMAL,non,LV,PANAMA,NAM,N,BCI,0.819132196,37.89843616,27.91045734,32.39,48.02,36.78,43.37,0.178599245,0.273470844,0.350875182,-0.31843658,0.039859175,0.385175325,-0.409214487,1994
dacrydium_cupressinum,14.75,4,DACRYDIUM,PODOCARPACEAE,-42.73408825,170.9728075,WIND,endo,T,NEW ZEALAND,OCE,S,PUREORA FOREST,1.14957443,48.9475,47.335,93.03,49.48,52.225,43.6275,0.139202024,0.352922552,0.295358792,-0.044576127,-0.387113805,0.034605369,0.157253909,1980
davilla_nitida,15,1,DAVILLA,DILLENIACEAE,9.1521,-79.84647,ANIMAL,endo,LV,PANAMA,NAM,N,BCI,1.477415601,37.89843616,27.91045734,32.39,48.02,36.78,43.37,0.178599245,0.273470844,0.350875182,-0.209752346,-0.111556137,0.242118128,-0.190989261,1994
dendropanax_arboreus,15,1,DENDROPANAX,ARALIACEAE,9.1521,-79.84647,ANIMAL,endo,T,PANAMA,NAM,N,BCI,0.642492969,37.89843616,27.91045734,32.39,48.02,36.78,43.37,0.178599245,0.273470844,0.350875182,-0.097850541,0.47751077,-0.102173135,-0.10406915,1994
desmopsis_panamensis,15,1,DESMOPSIS,ANNONACEAE,9.1521,-79.84647,ANIMAL,endo,T,PANAMA,NAM,N,BCI,0.953438957,37.89843616,27.91045734,32.39,48.02,36.78,43.37,0.178599245,0.273470844,0.350875182,0.107193697,-0.147019487,0.175769882,-0.016458112,1994
dipteryx_panamensis,15,1,DIPTERYX,FABACEAE,9.1521,-79.84647,ANIMAL,dys,T,PANAMA,NAM,N,BCI,0.890888754,37.89843616,27.91045734,32.39,48.02,36.78,43.37,0.178599245,0.273470844,0.350875182,-0.221192754,0.275628188,-0.044032932,-0.001436036,1994
dirca_palustris,7,1,DIRCA,THYMELAEACEAE,46.25,-89.1666,ANIMAL,endo,S,USA,NAM,N,WATERSMEET,0.696813807,110.13,123.55,148.32,105.46,148.18,118.33,0.176732,0.271618718,0.28723213,-0.662954853,0.490480831,-0.177857797,-0.058930839,1998
doliocarpus_major,15,1,DOLIOCARPUS,DILLENIACEAE,9.1521,-79.84647,ANIMAL,endo,LV,PANAMA,NAM,N,BCI,0.860767927,37.89843616,27.91045734,32.39,48.02,36.78,43.37,0.178599245,0.273470844,0.350875182,0.031404044,-0.34954205,-0.264603359,0.281027737,1994
doliocarpus_multiflorus,15,1,DOLIOCARPUS,DILLENIACEAE,9.1521,-79.84647,ANIMAL,endo,LV,PANAMA,NAM,N,BCI,2.067678276,37.89843616,27.91045734,32.39,48.02,36.78,43.37,0.178599245,0.273470844,0.350875182,0.203834866,0.152049283,0.006063191,0.092444396,1994
doliocarpus_olivaceus,15,1,DOLIOCARPUS,DILLENIACEAE,9.1521,-79.84647,ANIMAL,endo,LV,PANAMA,NAM,N,BCI,1.178657209,37.89843616,27.91045734,32.39,48.02,36.78,43.37,0.178599245,0.273470844,0.350875182,-0.212114746,0.032203939,-0.051064364,0.057908372,1994
drypetes_standleyi,15,1,DRYPETES,PUTRANJIVACEAE,9.1521,-79.84647,ANIMAL,dys,T,PANAMA,NAM,N,BCI,1.4175414,37.89843616,27.91045734,32.39,48.02,36.78,43.37,0.178599245,0.273470844,0.350875182,0.234885834,-0.234609281,-0.058440583,-0.05495337,1994
dysoxylum_spectabile,8,1,DYSOXYLUM,MELIACEAE,-41.2333,174.75,ANIMAL,endo,T,NEW ZEALAND,OCE,S,OTARI-WILSONS BUSH,1.389332252,54.82,43.72,112.95,63.55,60.28,46.02,0.214670366,0.323594494,0.492059001,-0.405125778,0.011880782,0.165718872,-0.285930863,2006
elaeagnus_angusti,8,2,ELAEAGNUS,ELAEAGNACEAE,42.4089,-85.3888,ANIMAL,endo,S,USA,NAM,N,"KELLOGG FOREST,",1.664263023,72.22,85.94,97.13,53.95,128.76,107.39,0.22039524,0.346748679,0.268795528,-0.142631103,-0.032097649,-0.048146474,-0.064195298,1958
elaeocarpus_dentatus,18,2,ELAEOCARPUS,ELAEOCARPACEAE,-41.3583,174.958,ANIMAL,endo,T,NEW ZEALAND,OCE,S,ORONGORONGO VALLEY B,0.888566766,54.82,43.72,112.95,63.55,60.28,46.02,0.214670366,0.323594494,0.492059001,-0.004762481,-0.231463383,-0.112399015,-0.01568301,1983
eucalyptus_fastigata,7.333333333,3,EUCALYPTUS,MYRTACEAE,-35.97184,149.6025,ANIMAL,non,T,AUSTRALIA,OCE,S,GLENBOG,0.980551057,46.62666667,56.71333333,60.12,79.63,62.87333333,59.44,0.179529681,0.377903795,0.400115295,-0.059685966,-0.178306346,-0.125114178,-0.115956478,1983
eucalyptus_obliqua,7,2,EUCALYPTUS,MYRTACEAE,-42.93544,147.90901,ANIMAL,non,T,AUSTRALIA,OCE,S,FORESTIER GULLY,0.951814243,48.64,40.56,48.51,59.09,87.53,57.6,0.20939091,0.445280078,0.292963163,-0.153898582,-0.332072381,-0.108900431,0.143755013,1993
eugenia_coloradensis,15,1,EUGENIA,MYRTACEAE,9.1521,-79.84647,ANIMAL,endo,T,PANAMA,NAM,N,BCI,1.413857646,37.89843616,27.91045734,32.39,48.02,36.78,43.37,0.178599245,0.273470844,0.350875182,-0.121686412,0.189206052,-0.390303214,0.115232273,1994
eugenia_oerstedeana,15,1,EUGENIA,MYRTACEAE,9.1521,-79.84647,ANIMAL,endo,T,PANAMA,NAM,N,BCI,0.864063907,37.89843616,27.91045734,32.39,48.02,36.78,43.37,0.178599245,0.273470844,0.350875182,-0.02318035,-0.123447252,-0.597094352,-0.03108622,1994
fagus_crenata,12.5,24,FAGUS,FAGACEAE,39.27674167,139.8120417,WIND,dys,T,JAPAN,ASI,N,MT GOZAISHO,1.308530132,71.50833333,68.63833333,110.0904167,84.54958333,77.98291667,53.4715,0.159741104,0.295805878,0.334069414,-0.281371573,-0.011131312,0.0567651,-0.256221902,1993
fagus_grandifolia,11,4,FAGUS,FAGACEAE,44.152305,-72.39806925,WIND,dys,T,CANADA,NAM,N,SOUTHERN QUEBEC,1.339316065,77.0275,95.105,77.31,48.57,88.16,72.33,0.123758295,0.298590317,0.245100697,-0.244535077,-0.020840436,-0.049046916,-0.069138198,1990
fagus_japonica,14,1,FAGUS,FAGACEAE,36.9333,140.5833,WIND,dys,T,JAPAN,ASI,N,OGAWA FOREST PRESERVE,2.136243999,57.71,51.97,81.9,52.35,68.99,62.59,0.146928186,0.269964682,0.304109404,-0.238303713,-0.025826256,-0.126006199,-0.153927083,1994
fagus_sylvatica,14.16666667,18,FAGUS,FAGACEAE,51.43420133,-4.755084056,WIND,dys,T,USA,NAM,N,MICHIGAN E LANS,1.016137841,65.25666667,70.92,94.605,51.12388889,72.67777778,63.81555556,0.141813575,0.340679802,0.298647051,-0.353789494,-0.032417377,0.057417391,-0.067074332,1985
faramea_occidentalis,9.5,2,FARAMEA,RUBIACEAE,9.1521,-79.84647,ANIMAL,endo,T,PANAMA,NAM,N,BCI,1.060107983,37.89843616,27.91045734,32.39,48.02,36.78,43.37,0.178599245,0.273470844,0.350875182,-0.180843113,-0.333336815,-0.015267658,-0.191008929,1989
fraxinus_excelsior,12.66666667,6,FRAXINUS,OLEACEAE,57.9110045,15.28888283,WIND,non,T,GREAT BRITAIN,EUR,N,LATHKILL DALE,1.169953984,92.34,114.175,125.735,71.045,89.465,69.51,0.169879688,0.359871434,0.356980245,-0.15903123,-0.266972363,0.157307367,0.019025009,1976
fraxinus_mandshurica,12,1,FRAXINUS,OLEACEAE,43.33286,141.85374,WIND,non,T,JAPAN,ASI,N,BIBAI HOKKAIDO,1.295447285,64.82,65.92,113.79,97.28,78.23,43.46,0.183248888,0.282254239,0.501857277,-0.141505031,-0.177552648,0.063495902,0.083778785,1992
guapira_standleyana,15,1,GUAPIRA,NYCTAGINACEAE,9.1521,-79.84647,ANIMAL,endo,T,PANAMA,NAM,N,BCI,1.189321251,37.89843616,27.91045734,32.39,48.02,36.78,43.37,0.178599245,0.273470844,0.350875182,-0.295013497,0.212500963,-0.306666688,-0.206663347,1994
guarea_guidonia,15,1,GUAREA,MELIACEAE,9.1521,-79.84647,ANIMAL,endo,T,PANAMA,NAM,N,BCI,1.089431204,37.89843616,27.91045734,32.39,48.02,36.78,43.37,0.178599245,0.273470844,0.350875182,-0.039049938,0.022348274,0.114496468,0.075238555,1994
guatteria_dumetorum,15,1,GUATTERIA,ANNONACEAE,9.1521,-79.84647,ANIMAL,endo,T,PANAMA,NAM,N,BCI,0.698001373,37.89843616,27.91045734,32.39,48.02,36.78,43.37,0.178599245,0.273470844,0.350875182,-0.390822031,0.321987634,-0.002752323,-0.074603037,1994
hampea_appendiculata,15,1,HAMPEA,MALVACEAE,9.1521,-79.84647,ANIMAL,dys,T,PANAMA,NAM,N,BCI,1.513754338,37.89843616,27.91045734,32.39,48.02,36.78,43.37,0.178599245,0.273470844,0.350875182,0.231134045,-0.208748612,-0.154215145,0.153364914,1994
haplopappus_radiatus,9,1,HAPLOPAPPUS,ASTERACEAE,44.60455,-117.2686,ANIMAL,dys,F,USA,NAM,N,LOOKOUT MOUNTAIN ROAD,0.92642305,76.22,68.48,120.85,97.58,146.28,96.45,0.192123983,0.623540208,0.392951117,-0.37174571,-0.13109538,0.207032242,-0.12808776,1996
hasseltia_floribunda,15,1,HASSELTIA,SALICACEAE,9.1521,-79.84647,ANIMAL,endo,T,PANAMA,NAM,N,BCI,0.451827582,37.89843616,27.91045734,32.39,48.02,36.78,43.37,0.178599245,0.273470844,0.350875182,0.172806772,0.011366365,0.0676779,0.024383655,1994
heisteria_concinna,15,1,HEISTERIA,OLACACEAE,9.1521,-79.84647,ANIMAL,endo,T,PANAMA,NAM,N,BCI,0.848966676,37.89843616,27.91045734,32.39,48.02,36.78,43.37,0.178599245,0.273470844,0.350875182,0.196129059,0.40187395,0.210196217,-0.054347786,1994
hippocratea_volubilis,15,1,HIPPOCRATEA,CELASTRACEAE,9.1521,-79.84647,ANIMAL,non,LV,PANAMA,NAM,N,BCI,0.906334383,37.89843616,27.91045734,32.39,48.02,36.78,43.37,0.178599245,0.273470844,0.350875182,0.243791327,-0.04586542,0.034661514,-0.248432347,1994
hiraea_faginea,15,1,HIRAEA,MALPIGHIACEAE,9.1521,-79.84647,ANIMAL,non,LV,PANAMA,NAM,N,BCI,1.352663937,37.89843616,27.91045734,32.39,48.02,36.78,43.37,0.178599245,0.273470844,0.350875182,-0.040308426,-0.312656285,-0.151682735,-0.078363986,1994
hiraea_grandifolia,15,1,HIRAEA,MALPIGHIACEAE,9.1521,-79.84647,ANIMAL,non,LV,PANAMA,NAM,N,BCI,1.273305883,37.89843616,27.91045734,32.39,48.02,36.78,43.37,0.178599245,0.273470844,0.350875182,-0.118404472,-0.303189182,-0.156731579,0.153404003,1994
hiraea_reclinata,15,1,HIRAEA,MALPIGHIACEAE,9.1521,-79.84647,ANIMAL,non,LV,PANAMA,NAM,N,BCI,0.887905293,37.89843616,27.91045734,32.39,48.02,36.78,43.37,0.178599245,0.273470844,0.350875182,-0.035338981,0.389107088,-0.164773819,-0.105106876,1994
hirtella_triandra,15,1,HIRTELLA,CHRYSOBALANACEAE,9.1521,-79.84647,ANIMAL,endo,T,PANAMA,NAM,N,BCI,0.983076888,37.89843616,27.91045734,32.39,48.02,36.78,43.37,0.178599245,0.273470844,0.350875182,0.209166093,0.238931136,0.006108014,0.126704268,1994
hybanthus_prunifolius,15,1,HYBANTHUS,VIOLACEAE,9.1521,-79.84647,ANIMAL,non,S,PANAMA,NAM,N,BCI,0.824088645,37.89843616,27.91045734,32.39,48.02,36.78,43.37,0.178599245,0.273470844,0.350875182,0.265392036,0.286852501,0.081957503,0.035575926,1994
ilex_aquifolium,9,1,ILEX,AQUIFOLIACEAE,42.7666,-6.90001,ANIMAL,endo,T,SPAIN,EUR,N,SIERRA DE ANCARES,1.555103285,71.54,65.93,102.87,65.39,106.76,47.73,0.166422191,0.489267389,0.385132663,-0.243842753,-0.037451654,-0.091566921,0.162599586,1998
inga_marginata,15,1,INGA,FABACEAE,9.1521,-79.84647,ANIMAL,dys,T,PANAMA,NAM,N,BCI,1.273501458,37.89843616,27.91045734,32.39,48.02,36.78,43.37,0.178599245,0.273470844,0.350875182,0.416042283,0.045309824,0.121093224,-0.038689702,1994
jacaranda_copaia,15,1,JACARANDA,BIGNONIACEAE,9.1521,-79.84647,ANIMAL,non,T,PANAMA,NAM,N,BCI,1.740733712,37.89843616,27.91045734,32.39,48.02,36.78,43.37,0.178599245,0.273470844,0.350875182,-0.316207407,0.066867864,-0.194548609,0.064552859,1994
juglans_mandshurica,12,1,JUGLANS,JUGLANDACEAE,43.33286,141.85374,WIND,dys,T,JAPAN,ASI,N,BIBAI HOKKAIDO,1.579218661,64.82,65.92,113.79,97.28,78.23,43.46,0.183248888,0.282254239,0.501857277,-0.066101554,-0.106116812,-0.120680305,0.321906342,1992
juglans_regia,9,1,JUGLANS,JUGLANDACEAE,39.36377,-121.6935,WIND,dys,T,USA,NAM,N,GRIDLEY,0.185708819,68.63,74.41,102.1,75.29,155.91,100.13,0.226729584,0.775881057,0.57380265,-0.45808164,0.152205748,-0.29516749,0.304411496,1980
juniper_monosperma,6.8,5,JUNIPER,CUPRESSACEAE,34.34572811,-106.8013649,WIND,endo,T,USA,NAM,N,CERRO MONTOSO,1.226394864,95.126,125.428,84.97,65.29,65.61,69.39,0.209547866,0.81884058,0.339544192,-0.180083671,-0.001067545,-0.23959729,-0.008737592,2001
larix_decidua,13,1,LARIX,PINACEAE,61.8003,29.3049,WIND,non,T,FINLAND,EUR,N,PUNKAHARJA 80,0.717378889,104.84,134.35,145.56,105.42,141.01,84.73,0.153904292,0.309312039,0.311704751,0.167580009,-0.202116364,-0.166777971,0.002769792,1966
larix_gmelinii,10,2,LARIX,PINACEAE,61.0751,27.16075,WIND,non,T,FINLAND,EUR,N,PUNKAHARJA 267,0.932998938,100.56,130.885,134.39,93.44,141.01,82.64,0.169087169,0.327802849,0.358782245,-0.336831644,-0.199219916,0.208865219,-0.135994307,1966
larix_larcina,13,1,LARIX,PINACEAE,64.68147876,-148.2490622,WIND,non,T,USA,NAM,N,FP5A,1.461085015,118,130.43,99.15,85.51,126.25,46.9,0.281507209,0.341776141,0.392137494,-0.025452494,-0.021113679,-0.305560747,0.17375982,1995
larix_leptolepis,7,1,LARIX,PINACEAE,37,128,WIND,non,T,KOREA,ASI,N,KOREA,1.046997092,77.11,79.91,97.84,66.59,76.1,40.08,0.158586594,0.28787146,0.235565462,-0.045801798,-0.236603512,0.060784924,-0.20198922,1985
larix_sibirica,10.8,5,LARIX,PINACEAE,62.323368,25.670988,WIND,non,T,FINLAND,EUR,N,BROMARV 155,1.135840814,98.458,115.772,121.522,80.12,102.096,78.345,0.154432828,0.340582357,0.314830253,0.168825921,-0.172580065,-0.196504743,-0.069359422,1966
lonchocarpus_latifolius,15,1,LONCHOCARPUS,FABACEAE,9.1521,-79.84647,ANIMAL,non,T,PANAMA,NAM,N,BCI,2.817161665,37.89843616,27.91045734,32.39,48.02,36.78,43.37,0.178599245,0.273470844,0.350875182,-0.140513891,-0.136043032,0.157694304,-0.14296257,1994
lonicera_tartaric,7.5,2,LONICERA,CAPRIFOLIACEAE,42.4089,-85.3888,ANIMAL,endo,S,USA,NAM,N,"KELLOGG FOREST,",0.811029814,72.22,85.94,97.13,53.95,128.76,107.39,0.22039524,0.346748679,0.268795528,0.004479662,-0.251335588,0.130406393,0.042459345,1958
luehea_seemannii,15,1,LUEHEA,MALVACEAE,9.1521,-79.84647,ANIMAL,non,T,PANAMA,NAM,N,BCI,0.892902349,37.89843616,27.91045734,32.39,48.02,36.78,43.37,0.178599245,0.273470844,0.350875182,0.494056307,0.164363498,0.112229143,0.160340953,1994
macfadyena_unguis-cati,15,1,MACFADYENA,BIGNONIACEAE,9.1521,-79.84647,ANIMAL,non,LV,PANAMA,NAM,N,BCI,1.117602816,37.89843616,27.91045734,32.39,48.02,36.78,43.37,0.178599245,0.273470844,0.350875182,-0.098579062,-0.053454293,0.046970742,-0.118280249,1994
magnolia_praecocissima,12,1,MAGNOLIA,MAGNOLIACEAE,43.33286,141.85374,ANIMAL,endo,T,JAPAN,ASI,N,BIBAI HOKKAIDO,1.462639816,64.82,65.92,113.79,97.28,78.23,43.46,0.183248888,0.282254239,0.501857277,-0.056814598,0.11876093,-0.095015911,-0.195779938,1992
malus_sp,8,1,MALUS,ROSACEAE,42.4089,-85.3888,ANIMAL,endo,T,USA,NAM,N,"KELLOGG FOREST,",0.589425071,72.22,85.94,97.13,53.95,128.76,107.39,0.22039524,0.346748679,0.268795528,-0.537703745,0.024405562,0.283833324,-0.283431676,1958
maripa_panamensis,15,1,MARIPA,ARECACEAE,9.1521,-79.84647,ANIMAL,endo,LV,PANAMA,NAM,N,BCI,0.716115927,37.89843616,27.91045734,32.39,48.02,36.78,43.37,0.178599245,0.273470844,0.350875182,-0.197015354,0.187986368,0.030158541,0.110560262,1994
mascagnia_hippocrateoides,15,1,MASCAGNIA,MALPIGHIACEAE,9.1521,-79.84647,ANIMAL,non,LV,PANAMA,NAM,N,BCI,0.775777477,37.89843616,27.91045734,32.39,48.02,36.78,43.37,0.178599245,0.273470844,0.350875182,-0.157720452,-0.08696454,0.138164146,-0.176575856,1994
mascagnia_nervosa,15,1,MASCAGNIA,MALPIGHIACEAE,9.1521,-79.84647,ANIMAL,non,LV,PANAMA,NAM,N,BCI,0.859860968,37.89843616,27.91045734,32.39,48.02,36.78,43.37,0.178599245,0.273470844,0.350875182,0.313278258,0.004934938,0.011915204,0.018436919,1994
mendoncia_gracilis,15,1,MENDONCIA,ACANTHACEAE,9.1521,-79.84647,ANIMAL,endo,LV,PANAMA,NAM,N,BCI,1.016622231,37.89843616,27.91045734,32.39,48.02,36.78,43.37,0.178599245,0.273470844,0.350875182,0.188727468,0.230293247,0.104729023,-0.211655158,1994
mendoncia_litoralis,15,1,MENDONCIA,ACANTHACEAE,9.1521,-79.84647,ANIMAL,endo,LV,PANAMA,NAM,N,BCI,1.599843502,37.89843616,27.91045734,32.39,48.02,36.78,43.37,0.178599245,0.273470844,0.350875182,-0.101294515,0.078134319,0.119130008,-0.157140043,1994
morella_cerifera,9,1,MORELLA,MYRICACEAE,38.3,-81.61666,WIND,endo,S,USA,NAM,N,SAVANNAH RIVER SITE,0.833738961,85.94,59.76,77.4,54.01,71.77,68.6,0.178692393,0.297719133,0.300804177,0.393936299,-0.066858702,-0.169064844,-0.255098718,1999
mouriri_myrtilloides,15,1,MOURIRI,MELASTOMATACEAE,9.1521,-79.84647,ANIMAL,endo,S,PANAMA,NAM,N,BCI,0.787537666,37.89843616,27.91045734,32.39,48.02,36.78,43.37,0.178599245,0.273470844,0.350875182,0.114092865,0.321303132,0.001073956,-0.333608918,1994
nothofagus_cunninghamii,22,1,NOTHOFAGUS,NOTHOFAGACEAE,-41.28354,145.03769,WIND,dys,T,AUSTRALIA,OCE,S,SUMAC ROAD TASMANIA,2.12528044,48.64,40.56,48.51,59.09,87.53,57.6,0.20939091,0.445280078,0.292963163,-0.106031302,0.322791106,-0.06032758,-0.098903096,1986
nothofagus_fusca,13.66666667,3,NOTHOFAGUS,NOTHOFAGACEAE,-43.14247333,170.89548,WIND,dys,T,NEW ZEALAND,OCE,S,EGLINGTON,1.592063266,46.99,48.54,86.39,44.79,49.54,42.83,0.125027584,0.323594494,0.263177012,-0.238464748,0.115905606,-0.058162915,-0.040530722,1978
nothofagus_menziesii,13.66666667,6,NOTHOFAGUS,NOTHOFAGACEAE,-44.5574205,169.6698312,WIND,dys,T,NEW ZEALAND,OCE,S,ORONGORONGO VALLEY,1.668879643,48.295,47.73666667,90.81666667,47.91666667,51.33,43.36166667,0.134106475,0.323594494,0.283636772,-0.217351524,-0.044266765,-0.104918509,-0.02783986,1985
nothofagus_solandri,15,1,NOTHOFAGUS,NOTHOFAGACEAE,-45.2778,167.63647,WIND,dys,T,NEW ZEALAND,OCE,S,TAKAHE VALLEY,1.418997091,46.99,48.54,86.39,44.79,49.54,42.83,0.125027584,0.323594494,0.263177012,-0.151812973,-0.080558892,0.116897117,-0.138583711,1986
nothofagus_solandri_var._cliffortioides,8.666666667,3,NOTHOFAGUS,NOTHOFAGACEAE,-44.25277767,170.1105553,WIND,dys,T,NEW ZEALAND,OCE,S,SOUTH ISLAND,1.745875007,46.99,48.54,86.39,44.79,49.54,42.83,0.125027584,0.323594494,0.263177012,-0.219021254,0.030977837,-0.134736487,0.087991236,2005
nothofagus_solandri_var._cliffortoides,38.2,5,NOTHOFAGUS,NOTHOFAGACEAE,-42.943986,171.98594,WIND,dys,T,NEW ZEALAND,OCE,S,CRAIGBURN RANGE HIGH,1.71853093,46.99,48.54,86.39,44.79,49.54,42.83,0.125027584,0.323594494,0.263177012,-0.265419989,-0.086779271,-0.014321952,0.027552116,1986
nothofagus_truncata,33,1,NOTHOFAGUS,NOTHOFAGACEAE,-41.35,174.966667,WIND,dys,T,NEW ZEALAND,OCE,S,ORONGORONGO VALLEY RESEARCH AREA,1.753173411,54.82,43.72,112.95,63.55,60.28,46.02,0.214670366,0.323594494,0.492059001,-0.173474617,-0.167923161,-0.150360266,-0.048715327,1984
notholithocarpus_densiflorus,6.666666667,3,NOTHOLITHOCARPUS,FAGACEAE,36.81316599,-123.1375238,ANIMAL,dys,T,USA,NAM,N,SAN MARCOS PASS,0.638978457,80.16666667,72.38,105.1833333,82.46333333,144.3966667,90.70333333,0.203012223,0.811502556,0.664402827,0.178584782,-0.281930324,-0.118688725,0.176664602,2011
oenocarpus_mapora,15,1,OENOCARPUS,ARECACEAE,9.1521,-79.84647,ANIMAL,endo,T,PANAMA,NAM,N,BCI,0.61144362,37.89843616,27.91045734,32.39,48.02,36.78,43.37,0.178599245,0.273470844,0.350875182,0.390604296,0.25707366,0.03394015,0.164955577,1994
opuntia_compresa,9,1,OPUNTIA,CACTACEAE,38.3,-81.61666,ANIMAL,endo,SU,USA,NAM,N,SAVANNAH RIVER SITE,0.959125553,85.94,59.76,77.4,54.01,71.77,68.6,0.178692393,0.297719133,0.300804177,-0.219483846,0.224795857,-0.027232153,-0.149798769,1999
paragonia_pyramidata,15,1,PARAGONIA,BIGNONIACEAE,9.1521,-79.84647,ANIMAL,non,LV,PANAMA,NAM,N,BCI,0.778426819,37.89843616,27.91045734,32.39,48.02,36.78,43.37,0.178599245,0.273470844,0.350875182,0.130221599,0.370533851,0.091096482,-0.093736959,1994
paullinia_baileyi,15,1,PAULLINIA,SAPINDACEAE,9.1521,-79.84647,ANIMAL,endo,LV,PANAMA,NAM,N,BCI,2.132937167,37.89843616,27.91045734,32.39,48.02,36.78,43.37,0.178599245,0.273470844,0.350875182,-0.14812977,-0.212572039,-0.009229879,-0.189468414,1994
paullinia_fibrigera,15,1,PAULLINIA,SAPINDACEAE,9.1521,-79.84647,ANIMAL,endo,LV,PANAMA,NAM,N,BCI,1.313968786,37.89843616,27.91045734,32.39,48.02,36.78,43.37,0.178599245,0.273470844,0.350875182,-0.279095732,0.208954773,0.011811034,-0.104040844,1994
paullinia_fuscescens,15,1,PAULLINIA,SAPINDACEAE,9.1521,-79.84647,ANIMAL,endo,LV,PANAMA,NAM,N,BCI,0.849171407,37.89843616,27.91045734,32.39,48.02,36.78,43.37,0.178599245,0.273470844,0.350875182,0.172088777,0.110539212,-0.383610785,-0.142125914,1994
paullinia_rugosa,15,1,PAULLINIA,SAPINDACEAE,9.1521,-79.84647,ANIMAL,endo,LV,PANAMA,NAM,N,BCI,1.144906941,37.89843616,27.91045734,32.39,48.02,36.78,43.37,0.178599245,0.273470844,0.350875182,0.028598001,-0.167020265,-0.195171014,0.195046811,1994
paullinia_turbacensis,15,1,PAULLINIA,SAPINDACEAE,9.1521,-79.84647,ANIMAL,dys,LV,PANAMA,NAM,N,BCI,1.480751515,37.89843616,27.91045734,32.39,48.02,36.78,43.37,0.178599245,0.273470844,0.350875182,0.116760268,0.168835292,-0.04618145,-0.073812414,1994
phellodendron_amurense,12,1,PHELLODENDRON,RUTACEAE,43.33286,141.85374,ANIMAL,endo,T,JAPAN,ASI,N,BIBAI HOKKAIDO,1.682346582,64.82,65.92,113.79,97.28,78.23,43.46,0.183248888,0.282254239,0.501857277,-0.160720948,0.601394532,-0.11128683,0.088241973,1992
phillyrea_latifolia,11,1,PHILLYREA,OLEACEAE,37.93281,-2.91661,WIND,non,S,SPAIN,EUR,N,GUADAHORNILLOS VALLEY,1.765923244,74.61,50.65,53.92,47.78,56.49,60.53,0.15288689,0.534251557,0.522145828,-0.207826083,-0.043142025,-0.196239314,-0.176099005,1984
phormium_cookianum,18,1,PHORMIUM,XANTHORRHOEACEAE,-41.275,174.77465,ANIMAL,non,F,NEW ZEALAND,OCE,S,THORNDON,2.14436046,54.82,43.72,112.95,63.55,60.28,46.02,0.214670366,0.323594494,0.492059001,0.01574387,-0.063113978,0.000181821,-0.042846802,1986
phormium_tenax,18,2,PHORMIUM,XANTHORRHOEACEAE,-41.260645,174.794825,ANIMAL,non,F,NEW ZEALAND,OCE,S,NGAURANGE,1.836147727,54.82,43.72,112.95,63.55,60.28,46.02,0.214670366,0.323594494,0.492059001,-0.003799098,-0.11114425,0.029301804,0.076762256,1986
phryganocydia_corymbosa,15,1,PHRYGANOCYDIA,BIGNONIACEAE,9.1521,-79.84647,ANIMAL,non,LV,PANAMA,NAM,N,BCI,1.247501104,37.89843616,27.91045734,32.39,48.02,36.78,43.37,0.178599245,0.273470844,0.350875182,0.257193989,-0.097699161,-0.213080496,-0.101992332,1994
physocarpus_opuli,8,1,PHYSOCARPUS,ROSACEAE,42.4089,-85.3888,ANIMAL,non,S,USA,NAM,N,"KELLOGG FOREST,",1.050941554,72.22,85.94,97.13,53.95,128.76,107.39,0.22039524,0.346748679,0.268795528,-0.353510777,0.1772371,-0.06484324,-0.101436969,1958
picea_abies,16.97297297,37,PICEA,PINACEAE,61.72418297,22.46281027,WIND,non,T,GREAT BRITAIN,EUR,N,SPADEADAM FOREST,1.476950972,95.90405405,111.5489189,117.5691892,76.37891892,101.9432432,72.58055556,0.164499047,0.342715593,0.321498269,-0.214695165,-0.084151298,0.006976772,-0.034762863,1963
picea_engelmanni,8.4,5,PICEA,PINACEAE,39.08546,-106.88424,WIND,non,T,USA,NAM,N,ARAPAHOO,1.948003717,101.448,84.596,98.862,74.296,96.026,75.9,0.222210343,0.592171863,0.411315921,-0.206390161,-0.244125629,-0.107067998,0.096398955,1966
picea_engelmannii,10.2,5,PICEA,PINACEAE,43.2695966,-115.1767586,WIND,non,T,USA,NAM,N,FRASER EXPERIMENTAL FOREST,1.512592647,78.666,67.432,125.598,73.94,113,83.162,0.169321523,0.495979958,0.409158721,-0.344644787,-0.170627166,0.240451276,-0.213995551,1971
picea_glauca,15.4,40,PICEA,PINACEAE,60.23440599,-126.7531367,WIND,non,T,CANADA,NAM,N,BREEDING REGION G2,1.629300268,117.6515,123.97375,113.33775,81.99275,122.17475,66.24473684,0.196891708,0.309998924,0.324956623,-0.146779546,-0.055859204,-0.019680238,-0.055014534,1999
picea_mariana,9,5,PICEA,PINACEAE,63.35074378,-77.94351498,WIND,non,T,USA,NAM,N,FP5A,0.419515421,115.3,129.892,113.246,88.682,132.154,61.196,0.225445535,0.337635894,0.377483014,-0.318127409,0.049962968,0.015159148,-0.120406645,1990
picea_omorika,8,1,PICEA,PINACEAE,61.8003,29.3049,WIND,non,T,FINLAND,EUR,N,PUNKAHARJU 358,1.060751981,104.84,134.35,145.56,105.42,141.01,84.73,0.153904292,0.309312039,0.311704751,0.064573753,-0.304041644,-0.179847307,0.290508423,1966
picea_sitchensis,10,1,PICEA,PINACEAE,55.07,-2.63,WIND,non,T,GREAT BRITAIN,EUR,N,SPADEADAM FOREST,1.1882847,45.84,37.24,84.28,45.34,55.3,55.36,0.127278594,0.33666167,0.288257083,-0.414396996,0.337911297,-0.109883017,-0.197406813,1996
pinus_albicaulis,7.071428571,28,PINUS,PINACEAE,45.28928571,-111.6714286,WIND,non,T,USA,NAM,N,ID SALMON RIVER,0.738634807,96.50571429,96.71535714,85.2925,74.63,142.3125,96.45,0.212114598,0.450433257,0.354415872,-0.228229712,-0.042395977,-0.051897558,-0.112250084,1973
pinus_banksiana,10.5,10,PINUS,PINACEAE,50.967448,-89.088413,WIND,non,T,CANADA,NAM,N,SANDILANDS FOREST RESERVE - 20 YR DENSE STAND,0.709327353,119.368,132.122,154.091,108.251,172.0071429,69.57,0.166234866,0.358584782,0.247895342,0.260765361,0.114774765,-0.037644614,-0.211544789,1970
pinus_cembre,14,1,PINUS,PINACEAE,61.8003,29.3049,WIND,non,T,FINLAND,EUR,N,PUNKAHARJU 100,1.092541199,104.84,134.35,145.56,105.42,141.01,84.73,0.153904292,0.309312039,0.311704751,0.020532514,0.185694261,-0.155842864,0.019639221,1966
pinus_contorta,9.666666667,6,PINUS,PINACEAE,48.38943333,-66.43273333,WIND,non,T,USA,NAM,N,GUNNISON,0.788124486,90.28,93.71,117.6416667,93.35,132.8966667,85.95166667,0.158747827,0.534860938,0.347753744,-0.057082074,-0.095264731,-0.202106263,-0.1095354,1948
pinus_edulis,7.75,4,PINUS,PINACEAE,34.63713514,-106.3289062,WIND,non,T,USA,NAM,N,LAS VEGAS NM,1.538796489,85.8575,110.7,84.97,65.29,65.61,69.39,0.23190708,0.732829014,0.375348919,-0.037527169,-0.042649773,-0.201466553,-0.125364278,1994
pinus_lambertiana,16,1,PINUS,PINACEAE,38.17389,-119.997,WIND,non,T,USA,NAM,N,STANISLAUS NF,1.288637896,101.66,65.77,78.51,77.52,129.88,123.77,0.230677523,0.924933704,0.655668295,-0.388410757,0.320175515,-0.135873888,-0.205454384,1943
pinus_mariana,8,5,PINUS,PINACEAE,47.3,-67.4166,WIND,non,T,CANADA,NAM,N,PLANTATION 1,0.998799084,80.85,106.54,98.28,84.05,79.2,55.07,0.147942469,0.308938941,0.242218715,0.014996982,0.197705549,-0.106856111,-0.195757068,1981
pinus_monticola,10.72727273,11,PINUS,PINACEAE,45.85354273,-120.9327636,WIND,non,T,USA,NAM,N,,1.16871896,78.72727273,78.61454545,130.7963636,75.82636364,126.8036364,88.80090909,0.150112292,0.417550152,0.365338496,-0.264918824,-0.150918209,0.060103646,-0.024922748,1959
pinus_mugo,6,1,PINUS,PINACEAE,61.8003,29.3049,WIND,non,T,FINLAND,EUR,N,PUNKAHARJU 235,0.997992699,104.84,134.35,145.56,105.42,141.01,84.73,0.153904292,0.309312039,0.311704751,-0.61979102,0.370939796,-0.445804479,0.39575142,1966
pinus_palustris,10,1,PINUS,PINACEAE,31.1461,-92.5396,WIND,non,T,USA,NAM,N,RAPIDES PARISH,0.615540093,64.12,81.46,96.72,57.69,91.36,79.22,0.168678626,0.360886459,0.380316694,0.092086076,-0.382647195,0.116901193,0.146422441,1962
pinus_peuce,8.25,4,PINUS,PINACEAE,60.987625,26.67325,WIND,non,T,FINLAND,EUR,N,BROMARV 40,1.122031944,100.56,130.885,136.62,92.735,130.655,80.4925,0.167674301,0.334684951,0.34635824,-0.329284503,-0.07068906,0.034044597,-0.233773798,1966
pinus_pinea,23.5,2,PINUS,PINACEAE,41.5593335,-4.7205985,WIND,non,T,SPAIN,EUR,N,CORBEJÓN Y QUEMADOS PUBLIC FOREST,1.359443881,75.59,66.47,43.67,19.57,73.97,55.97,0.151347491,0.695484105,0.368687937,-0.070578649,-0.185507788,-0.115940769,-0.015476385,1994
pinus_ponderosa,13,15,PINUS,PINACEAE,40.74972975,-110.3830447,WIND,non,T,USA,NAM,N,PRINGLE FALLS E,1.263770612,98.916,79.51466667,107.79,81.98666667,114.0646667,87.46666667,0.221586255,0.607438637,0.354200099,-0.095697416,-0.071268512,0.002398983,0.031920498,1977
pinus_resinosa,7,6,PINUS,PINACEAE,45.33186333,-89.75281,WIND,non,T,USA,NAM,N,N WISCONSIN,0.775943211,103.2516667,118.7966667,120.0616667,84.98666667,134.2566667,111.905,0.156211333,0.309793847,0.280747825,-0.216397084,-0.074986791,-0.167382156,0.027321933,1965
pinus_sp,20,1,PINUS,PINACEAE,32.033333,-91.95,WIND,non,T,USA,NAM,N,CROSSETT EXPERIMENTAL FOREST,1.504973875,78.68,82.28,79.58,58.49,93.39,70.19,0.231990904,0.374479013,0.389551515,-0.163150491,0.009552458,0.235800039,-0.047114156,1990
pinus_sylvestris,15.2037037,54,PINUS,PINACEAE,62.24435519,21.54921069,WIND,non,T,SWEDEN,EUR,N,CENTRAL,0.929463851,91.04851852,104.2927778,119.025,75.75111111,98.73462963,72.97814815,0.167176527,0.343789065,0.315982821,-0.12885346,-0.12635413,-0.052917048,0.036661226,1964
pinus_taeda,8.6,5,PINUS,PINACEAE,36.278426,-77.790528,WIND,non,T,USA,NAM,N,DUKE FOREST,1.013017971,85.454,85.838,77.4,54.01,71.77,68.6,0.171477401,0.297719133,0.302758382,-0.129005444,-0.301210924,-0.039715793,0.172931017,1958
pistacia_lentiscus,12,1,PISTACIA,ANACARDIACEAE,37.93281,-2.91661,WIND,dys,S,SPAIN,EUR,N,GUADAHORNILLOS VALLEY,1.099420086,74.61,50.65,53.92,47.78,56.49,60.53,0.15288689,0.534251557,0.522145828,-0.7282605,0.302121516,-0.076865817,0.040061178,1984
pithecoctenium_crucigerum,15,1,PITHECOCTENIUM,BIGNONIACEAE,9.1521,-79.84647,ANIMAL,non,LV,PANAMA,NAM,N,BCI,0.828239332,37.89843616,27.91045734,32.39,48.02,36.78,43.37,0.178599245,0.273470844,0.350875182,-0.425281107,0.118150495,-0.013035951,-0.086446375,1994
platymiscium_pinnatum,15,1,PLATYMISCIUM,FABACEAE,9.1521,-79.84647,ANIMAL,non,T,PANAMA,NAM,N,BCI,1.236740733,37.89843616,27.91045734,32.39,48.02,36.78,43.37,0.178599245,0.273470844,0.350875182,0.479447277,0.304547894,-0.105956533,-0.036503891,1994
platypodium_elegans,15,1,PLATYPODIUM,FABACEAE,9.1521,-79.84647,ANIMAL,non,T,PANAMA,NAM,N,BCI,1.182648647,37.89843616,27.91045734,32.39,48.02,36.78,43.37,0.178599245,0.273470844,0.350875182,0.273559951,-0.248230625,-0.133393897,-0.03704716,1994
podocarpus_dacrydioides,7,1,PODOCARPUS,PODOCARPACEAE,-38.7141,175.55642,WIND,endo,T,NEW ZEALAND,OCE,S,PUREORA FOREST,1.820194527,54.82,43.72,112.95,63.55,60.28,46.02,0.214670366,0.440906728,0.492059001,-0.276965873,-0.334046075,-0.148374121,0.34184001,1964
podocarpus_ferrugineus,7,1,PODOCARPUS,PODOCARPACEAE,-38.7141,175.55642,WIND,endo,T,NEW ZEALAND,OCE,S,PUREORA FOREST,0.41080437,54.82,43.72,112.95,63.55,60.28,46.02,0.214670366,0.440906728,0.492059001,-0.018448146,-0.2546507,0.266570191,-0.179190049,1964
podocarpus_spicatus,7,1,PODOCARPUS,PODOCARPACEAE,-38.7141,175.55642,WIND,endo,T,NEW ZEALAND,OCE,S,PUREORA FOREST,1.39727813,54.82,43.72,112.95,63.55,60.28,46.02,0.214670366,0.440906728,0.492059001,-0.075537616,-0.100821341,-0.062141102,-0.098907219,1964
podocarpus_totara,7,1,PODOCARPUS,PODOCARPACEAE,-38.7141,175.55642,WIND,endo,T,NEW ZEALAND,OCE,S,PUREORA FOREST,1.19564318,54.82,43.72,112.95,63.55,60.28,46.02,0.214670366,0.440906728,0.492059001,0.014164204,-0.203343224,0.038062061,-0.24027539,1964
poulsenia_armata,15,1,POULSENIA,MORACEAE,9.1521,-79.84647,ANIMAL,dys,T,PANAMA,NAM,N,BCI,0.945285674,37.89843616,27.91045734,32.39,48.02,36.78,43.37,0.178599245,0.273470844,0.350875182,0.496267325,0.248905452,0.175335487,0.014758686,1994
pouteria_reticulata,15,1,POUTERIA,SAPOTACEAE,9.1521,-79.84647,ANIMAL,endo,T,PANAMA,NAM,N,BCI,1.291341727,37.89843616,27.91045734,32.39,48.02,36.78,43.37,0.178599245,0.273470844,0.350875182,-0.22106914,-0.25460617,0.266557608,0.04340643,1994
prionostemma_aspera,15,1,PRIONOSTEMMA,CELASTRACEAE,9.1521,-79.84647,ANIMAL,non,LV,PANAMA,NAM,N,BCI,1.293833802,37.89843616,27.91045734,32.39,48.02,36.78,43.37,0.178599245,0.273470844,0.350875182,-0.149162344,0.25472493,-0.259239431,0.358537982,1994
prioria_copaifera,15,1,PRIORIA,FABACEAE,9.1521,-79.84647,ANIMAL,dys,T,PANAMA,NAM,N,BCI,1.242337512,37.89843616,27.91045734,32.39,48.02,36.78,43.37,0.178599245,0.273470844,0.350875182,0.013523463,0.186067905,-0.016372593,0.075371974,1994
protium_tenuifolium,15,1,PROTIUM,BURSERACEAE,9.1521,-79.84647,ANIMAL,endo,T,PANAMA,NAM,N,BCI,0.994937897,37.89843616,27.91045734,32.39,48.02,36.78,43.37,0.178599245,0.273470844,0.350875182,-0.427979169,-0.036821247,-0.152840258,-0.00100196,1994
prumnopitys_ferruginea,8,1,PRUMNOPITYS,PODOCARPACEAE,-46.258333,167.165,WIND,endo,T,NEW ZEALAND,OCE,S,SOUTH ISLAND,0.708483594,46.99,48.54,86.39,44.79,49.54,42.83,0.125027584,0.323594494,0.263177012,-0.317966512,-0.06127769,0.103322765,-0.408282406,2006
prunus_angustifolia,9,1,PRUNUS,ROSACEAE,38.3,-81.61666,ANIMAL,endo,T,USA,NAM,N,SAVANNAH RIVER SITE,1.982025385,85.94,59.76,77.4,54.01,71.77,68.6,0.178692393,0.297719133,0.300804177,-0.192557785,-0.224058507,0.027590888,-0.058872721,1999
prunus_serotina,8.5,2,PRUNUS,ROSACEAE,40.35445,-83.50273,ANIMAL,endo,T,USA,NAM,N,SAVANNAH RIVER SITE,1.095819945,79.08,72.85,87.265,53.98,100.265,87.995,0.199249918,0.322233906,0.285961371,-0.23700004,0.076590333,-0.096062199,-0.092441213,1979
pseudotsuga_menziesii,9.307692308,13,PSEUDOTSUGA,PINACEAE,46.76396615,-108.5842869,WIND,non,T,CANADA,NAM,N,"BC,COWICHAN LAK",1.539623822,71.79769231,75.85230769,124.4830769,81.00538462,139.2515385,93.88846154,0.158694155,0.463533061,0.33686402,-0.325560889,-0.021963583,-0.046316516,-0.051200177,1967
psychotria_furcata,15,1,PSYCHOTRIA,RUBIACEAE,9.1521,-79.84647,ANIMAL,endo,S,PANAMA,NAM,N,BCI,2.18791558,37.89843616,27.91045734,32.39,48.02,36.78,43.37,0.178599245,0.273470844,0.350875182,-0.039534849,-0.187303396,0.04252189,-0.065607905,1994
psychotria_horizontalis,15,1,PSYCHOTRIA,RUBIACEAE,9.1521,-79.84647,ANIMAL,endo,S,PANAMA,NAM,N,BCI,0.635243474,37.89843616,27.91045734,32.39,48.02,36.78,43.37,0.178599245,0.273470844,0.350875182,0.19668328,0.416190004,0.106503458,-0.086379536,1994
quararibea_asterolepis,13,2,QUARARIBEA,MALVACEAE,9.1558265,-79.846878,ANIMAL,endo,T,PANAMA,NAM,N,ISLA BARRO COLORADO,1.12783317,37.89843616,27.91045734,32.39,48.02,36.78,43.37,0.178599245,0.273470844,0.350875182,-0.041761615,0.001331274,-0.056949418,-0.29161463,1993
quercus_agrifolia,19.625,8,QUERCUS,FAGACEAE,34.93385179,-121.76524,WIND,dys,T,USA,NAM,N,JAMES AGRIFOLIA,1.287546158,72.02125,75.5525,93.25375,76.12625,146.14875,108.995,0.295880759,0.85040738,0.90979094,-0.137288876,0.091733673,-0.005456003,0.140259102,2004
quercus_alba,6.423076923,26,QUERCUS,FAGACEAE,38.00587269,-84.94558585,WIND,dys,T,USA,NAM,N,BENT CREEK,1.242976424,85.08038462,92.525,89.56115385,57.93230769,91.50653846,84.20423077,0.14997225,0.334751625,0.287095793,-0.306783684,-0.072504599,-0.05585885,0.046886378,1975
quercus_borealis,7,2,QUERCUS,FAGACEAE,35.16679,-83.3079,WIND,dys,T,USA,NAM,N,"GEORGIA, BLAIRS",1.518513982,80.29,91.315,91.395,55.68,85.04,76.65,0.143040453,0.297719133,0.284621353,-0.070620586,-0.288914296,-0.158390247,0.13875448,1939
quercus_canariensis,6,2,QUERCUS,FAGACEAE,36.34795,-5.60333,WIND,dys,T,SPAIN,EUR,N,SIERRA DE CADIZ -QC1,1.206022326,60.9,65.2,53.92,47.78,56.49,60.53,0.260001817,0.534251557,0.714057088,-0.141404808,0.07577832,-0.141975981,-0.22349226,1994
quercus_chapmanii,23.75,4,QUERCUS,FAGACEAE,27.1888,-81.3394,WIND,dys,T,USA,NAM,N,ARCHIBOLD BIO STATION - SAND PINE SCRUB,1.644740686,77.75,71.67,34.67,32.89,46.86,60.54,0.189120511,0.354629656,0.295684978,-0.048027341,0.215204274,0.026402398,0.01267663,1982
quercus_chrysolepis,19.625,8,QUERCUS,FAGACEAE,36.44765365,-123.4388885,WIND,dys,T,USA,NAM,N,KAWEAH RIVER,1.201138278,70.01375,76.68,103.25625,77.98,151.5925,96.595,0.266880743,0.796473924,0.645371292,-0.112703261,-0.003090923,-0.023264968,0.231108013,2004
quercus_coccinea,6.4,10,QUERCUS,FAGACEAE,36.224466,-87.11661,WIND,dys,T,USA,NAM,N,BENT CREEK,1.683694942,83.217,92.424,89.859,56.184,84.219,75.52,0.162427742,0.329302796,0.307428119,-0.204267564,-0.169637775,-0.153503751,0.1199144,1964
quercus_crispula,11,1,QUERCUS,FAGACEAE,43.00502,141.4171,WIND,dys,T,JAPAN,ASI,N,HITSUJIGAOKA,0.59566438,64.82,65.92,113.79,97.28,78.23,43.46,0.183248888,0.282254239,0.501857277,-0.455840403,0.030889557,0.41679782,-0.560463335,1995
quercus_dentata,7,1,QUERCUS,FAGACEAE,44.85,141.75,WIND,dys,T,JAPAN,ASI,N,TESHIO FOREST,0.494508867,71.55,73.87,113.79,97.28,78.23,43.46,0.225721432,0.282254239,0.430680809,0.167453856,-0.099384948,0.095537458,-0.040801831,1995
quercus_douglasii,21.9,10,QUERCUS,FAGACEAE,37.03454821,-122.5759492,WIND,dys,T,USA,NAM,N,KAWEAH RIVER,1.294042537,69.153,63.908,98.307,77.888,147.25,102.03,0.241748006,0.827953724,0.61108513,-0.222479652,0.1083983,0.258787568,-0.024120535,2003
quercus_engelmannii,20,1,QUERCUS,FAGACEAE,33.523135,-123.27463,WIND,dys,T,USA,NAM,N,SANTA ROSA,1.651983914,77.41,52.91,102.1,75.29,155.91,100.13,0.329232227,0.775881057,1.16973359,-0.164910448,0.047563488,-0.008606906,0.162600734,2004
quercus_falcata,18,1,QUERCUS,FAGACEAE,31.70243,-92.6236,WIND,dys,T,USA,NAM,N,WESTERN LOUISIANA,1.225112253,67.68,68.29,96.72,57.69,91.36,79.22,0.216152229,0.360886459,0.391862764,0.45074436,-0.129943477,-0.334192781,-0.320992842,1958
quercus_garryana,12,1,QUERCUS,FAGACEAE,40.6705387,-122.86927,WIND,dys,T,USA,NAM,N,TRINITY CO,0.659553342,79.41,74.38,102.1,75.29,155.91,100.13,0.258507158,0.775881057,0.496534531,-0.435158732,0.086674272,0.214811625,-0.196157915,2008
quercus_geminata,23.75,4,QUERCUS,FAGACEAE,27.1888,-81.3394,WIND,dys,T,USA,NAM,N,ARCHIBOLD BIO STATION - SAND PINE SCRUB,2.352017842,77.75,71.67,34.67,32.89,46.86,60.54,0.189120511,0.354629656,0.295684978,-0.094930946,0.083985071,0.081679273,-0.105020044,1982
quercus_ilex,8.666666667,21,QUERCUS,FAGACEAE,41.05137071,1.03038919,WIND,dys,T,SPAIN,EUR,N,COLLSEROLA PARK S1,1.51948163,85.88571429,83.85380952,47.68666667,26.73047619,71.5752381,56.26142857,0.157625383,0.291864598,0.401853575,-0.127699205,-0.024811943,-0.090811148,-0.059763175,2001
quercus_incana,6,1,QUERCUS,FAGACEAE,31.70243,-92.6236,WIND,dys,T,USA,NAM,N,WESTERN LOUISIANA,1.555825028,67.68,68.29,96.72,57.69,91.36,79.22,0.216152229,0.360886459,0.391862764,-0.143925846,-0.297425561,-0.15554326,0.067524264,1952
quercus_inopina,19,2,QUERCUS,FAGACEAE,27.1888,-81.3394,WIND,dys,S,USA,NAM,N,ARCHIBOLD BIO STATION - SCRUBBY FLATWOODS,1.793988237,77.75,71.67,34.67,32.89,46.86,60.54,0.189120511,0.354629656,0.295684978,-0.036479975,0.424308648,0.082308465,-0.016090406,1981
quercus_kelloggii,20.57142857,7,QUERCUS,FAGACEAE,36.5273276,-123.3236125,WIND,dys,T,USA,NAM,N,JAMES,1.21084464,72.33714286,61.14142857,103.4214286,78.36428571,150.9757143,96.09,0.273956155,0.799415762,0.622646382,0.111448112,-0.214964738,0.040540423,0.256848195,2004
quercus_laevis,27,2,QUERCUS,FAGACEAE,27.1888,-81.3394,WIND,dys,S,USA,NAM,N,ARCHIBOLD BIO STATION - SAND PINE SCRUB,3.31226105,77.75,71.67,34.67,32.89,46.86,60.54,0.189120511,0.354629656,0.295684978,-0.003936256,0.034478067,-0.012049068,-0.018740088,1982
quercus_lobata,19.41666667,12,QUERCUS,FAGACEAE,37.22088318,-122.1775971,WIND,dys,T,USA,NAM,N,HNHR BIG CREEK,1.361196048,70.70666667,65.36,94.3525,72.51166667,144.3566667,99.91083333,0.263767841,0.850164159,0.602140947,-0.23622268,0.132665078,0.004477936,-0.058703571,2000
quercus_marilandica,8.5,4,QUERCUS,FAGACEAE,36.0492575,-91.66675,WIND,dys,T,USA,NAM,N,DENT COUNTY,0.977455146,74.725,90.7175,96.72,57.69,91.36,79.22,0.189185533,0.360886459,0.356629426,0.156682991,0.051071945,-0.097036088,-0.29366409,1958
quercus_mongolica,15,3,QUERCUS,FAGACEAE,40.59262,140.9192333,WIND,dys,T,JAPAN,ASI,N,HOKKAIDO (A),1.135737809,64.91333333,66.56333333,110.22,95,75.30333333,50.10333333,0.159323419,0.335293519,0.415015938,-0.100404472,0.131981859,-0.062957784,-0.11071285,1978
quercus_montana,7.666666667,6,QUERCUS,FAGACEAE,36.08054333,-81.52771667,WIND,dys,T,USA,NAM,N,BENT CREEK,1.591058887,82.43166667,91.22,80.27166667,55.34166667,80.09666667,76.56833333,0.138196609,0.303615104,0.26157778,-0.306619456,0.002068955,-0.151729665,0.103232365,1963
quercus_myrtifolia,26,3,QUERCUS,FAGACEAE,27.1888,-81.3394,WIND,dys,S,USA,NAM,N,ARCHIBOLD BIO STATION - SAND PINE SCRUB,2.143214171,77.75,71.67,34.67,32.89,46.86,60.54,0.189120511,0.354629656,0.295684978,0.05020016,0.202393681,0.087864225,0.022068856,1982
quercus_nigra,6,1,QUERCUS,FAGACEAE,31.70243,-92.6236,WIND,dys,T,USA,NAM,N,WESTERN LOUISIANA,1.361529411,67.68,68.29,96.72,57.69,91.36,79.22,0.216152229,0.360886459,0.391862764,-0.139038976,-0.337774118,-0.172771863,0.078260296,1952
quercus_palustris,14,1,QUERCUS,FAGACEAE,37.04541,-90.09824,WIND,dys,T,USA,NAM,N,MINGO NATI,0.888958696,103.76,99.51,96.72,57.69,91.36,79.22,0.218355961,0.360886459,0.355563566,-0.432787007,-0.196432046,0.065443377,0.252443646,1962
quercus_petraea,11,1,QUERCUS,FAGACEAE,47.466667,7.5,WIND,dys,T,SWITZERLAND,EUR,N,HOFSTETTEN,2.453974305,96.9,79.32,109.4,53.51,115.23,84.57,0.175395777,0.272526379,0.300137375,-0.148570014,-0.195282,0.072549519,-0.17416584,2004
quercus_pubescens,7.588235294,17,QUERCUS,FAGACEAE,41.44344624,2.094227647,WIND,dys,T,SPAIN,EUR,N,COLLSEROLA PARK S1,1.073672211,87.46,89.43,43.67,19.57,73.97,55.97,0.15155814,0.244463119,0.388260978,-0.030165573,-0.231288719,-0.028107475,0.045849169,2001
quercus_robur,14.5,4,QUERCUS,FAGACEAE,59.29171675,21.58869175,WIND,dys,T,DENMARK,EUR,N,DRAVED FOREST,0.738548021,99.405,121.3025,135.6225,82.9725,116.185,77.775,0.174609781,0.339176608,0.343231004,-0.1553068,-0.185196973,-0.016527047,-0.121243091,1971
quercus_rubra,8,11,QUERCUS,FAGACEAE,38.92181182,-83.62042273,WIND,dys,T,USA,NAM,N,BENT CREEK,1.270412572,90.53272727,96.88181818,89.22454545,58.40181818,87.89636364,80.38727273,0.145069768,0.326964209,0.274772501,-0.129800617,-0.084790629,-0.137976562,0.04537609,1979
quercus_serrata,9,2,QUERCUS,FAGACEAE,36.10765,138.1484,WIND,dys,T,JAPAN,ASI,N,OGAWA FOREST PRESERVE,0.705952571,61.405,59.91,92.49,71.395,69.22,62.99,0.140736319,0.35566838,0.321117893,-0.232973175,-0.091514433,0.132613903,-0.32464978,1988
quercus_sp,14.71428571,7,QUERCUS,FAGACEAE,40.07600943,-77.14885714,WIND,dys,T,USA,NAM,N,MOUNTAIN LAKE BIOLOGICAL CENTER,1.090630515,67.82285714,80.02142857,66.40857143,53.95857143,65.15857143,61.72571429,0.127091712,0.304980645,0.239206592,-0.235855785,-0.018523602,-0.026963419,-0.040569665,1989
quercus_stellata,7.6,5,QUERCUS,FAGACEAE,36.145406,-91.7534,WIND,dys,T,USA,NAM,N,DENT COUNTY,1.026870941,77.834,90.17,96.72,57.69,91.36,79.22,0.193782551,0.360886459,0.361396512,-0.304791385,-0.080973163,0.049415033,0.027641367,1961
quercus_suber,7.1,10,QUERCUS,FAGACEAE,38.459624,-3.13619,WIND,dys,T,SPAIN,EUR,N,SIERRA MORENA -QS3,1.490234934,77.049,65.523,66.97,52.502,53.037,56.714,0.189097058,0.582621321,0.489914752,-0.278843236,0.038470699,0.009430199,-0.107861078,2000
quercus_turbinella,7,2,QUERCUS,FAGACEAE,34.39132027,-106.5289123,WIND,dys,T,USA,NAM,N,CERRO MONTOSO,1.431026558,83.49,141.6,84.97,65.29,65.61,69.39,0.191733206,0.81884058,0.306397107,0.399971209,-0.091107688,-0.168799756,-0.277407407,2001
quercus_velutina,6,21,QUERCUS,FAGACEAE,38.26097381,-85.98195629,WIND,dys,T,USA,NAM,N,BENT CREEK,0.991412913,85.35047619,92.63952381,92.17238095,58.3452381,93.71190476,85.29666667,0.156933815,0.338770655,0.283967748,-0.080085697,-0.245149009,-0.156672703,0.041350823,1975
quercus_wislizeni,14.4,5,QUERCUS,FAGACEAE,38.36507296,-123.3924763,WIND,dys,T,USA,NAM,N,KAWEAH RIVER,1.1856873,64.266,63.02,103.95,79.594,149.002,94.474,0.206573959,0.779019115,0.551223801,-0.095032674,-0.013997289,0.050296354,-0.069274041,2006
randia_armata,15,1,RANDIA,RUBIACEAE,9.1521,-79.84647,ANIMAL,dys,T,PANAMA,NAM,N,BCI,1.067813037,37.89843616,27.91045734,32.39,48.02,36.78,43.37,0.178599245,0.273470844,0.350875182,-0.236841878,-0.070854279,-0.019342369,-0.08620252,1994
rhopalostylis_sapida,6,2,RHOPALOSTYLIS,ARECACEAE,-36.24435,174.08042,ANIMAL,dys,T,NEW ZEALAND,OCE,S,HUAPAI,0.615444332,52.35,49.555,69.35,60.02,51.47,46.58,0.145981929,0.341164449,0.335500111,0.024615651,-0.32613705,-0.256556948,-0.036874052,1986
rhus_copallina,9,1,RHUS,ANACARDIACEAE,38.3,-81.61666,ANIMAL,endo,S,USA,NAM,N,SAVANNAH RIVER SITE,0.941156644,85.94,59.76,77.4,54.01,71.77,68.6,0.178692393,0.297719133,0.300804177,-0.301669096,0.0023929,-0.028856375,-0.136988494,1999
rinorea_sylvatica,15,1,RINOREA,VIOLACEAE,9.1521,-79.84647,ANIMAL,non,S,PANAMA,NAM,N,BCI,1.796016417,37.89843616,27.91045734,32.39,48.02,36.78,43.37,0.178599245,0.273470844,0.350875182,-0.253063952,0.175788632,-0.332030595,-0.046087871,1994
rosa_multiflora,8,1,ROSA,ROSACEAE,42.4089,-85.3888,ANIMAL,endo,S,USA,NAM,N,"KELLOGG FOREST,",0.436085515,72.22,85.94,97.13,53.95,128.76,107.39,0.22039524,0.346748679,0.268795528,-0.712636081,0.614852255,-0.368079316,0.083203733,1958
rubus_chamaemorus,6,4,RUBUS,ROSACEAE,64.566625,18.7458,ANIMAL,endo,S,SWEDEN,EUR,N,SPRUCE MIRE 2,0.808441484,85.675,105.855,116.685,76.9325,97.1525,54.99,0.171369077,0.322087255,0.285602235,-0.110384499,-0.074548026,-0.033523368,-0.275955333,1984
rubus_cuneifolius,9,1,RUBUS,ROSACEAE,38.3,-81.61666,ANIMAL,endo,S,USA,NAM,N,SAVANNAH RIVER SITE,0.916574281,85.94,59.76,77.4,54.01,71.77,68.6,0.178692393,0.297719133,0.300804177,-0.29599062,-0.1370577,-0.084148686,-0.141500616,1999
rubus_ulmifolius,12,1,RUBUS,ROSACEAE,37.93281,-2.91661,ANIMAL,endo,S,SPAIN,EUR,N,GUADAHORNILLOS VALLEY,1.160470263,74.61,50.65,53.92,47.78,56.49,60.53,0.15288689,0.534251557,0.522145828,-0.085827329,-0.137619994,-0.100213977,0.022161214,1984
sapium_aucuparium,15,1,SAPIUM,EUPHORBIACEAE,9.1521,-79.84647,ANIMAL,endo,T,PANAMA,NAM,N,BCI,1.478279546,37.89843616,27.91045734,32.39,48.02,36.78,43.37,0.178599245,0.273470844,0.350875182,-0.077384278,-0.180470194,0.303541497,-0.174646495,1994
schefflera_morototoni,15,1,SCHEFFLERA,ARALIACEAE,9.1521,-79.84647,ANIMAL,endo,T,PANAMA,NAM,N,BCI,0.950804106,37.89843616,27.91045734,32.39,48.02,36.78,43.37,0.178599245,0.273470844,0.350875182,0.074011881,0.067271115,-0.04910528,-0.145895869,1994
serjania_circumvallata,15,1,SERJANIA,SAPINDACEAE,9.1521,-79.84647,ANIMAL,non,LV,PANAMA,NAM,N,BCI,0.616352106,37.89843616,27.91045734,32.39,48.02,36.78,43.37,0.178599245,0.273470844,0.350875182,-0.181074351,-0.113693075,0.061317651,0.13496242,1994
serjania_mexicana,15,1,SERJANIA,SAPINDACEAE,9.1521,-79.84647,ANIMAL,non,LV,PANAMA,NAM,N,BCI,0.727119733,37.89843616,27.91045734,32.39,48.02,36.78,43.37,0.178599245,0.273470844,0.350875182,0.075764758,-0.139294386,0.036094201,-0.180475643,1994
shorea_sp,30,1,SHOREA,DIPTEROCARPACEAE,-0.279,111.475,ANIMAL,non,T,INDONESIA,OCE,S,WEST KALIMANTAN,1.457584401,44.23,51.17,59.77,62.43,40.05,54.16,0.149550852,0.233510401,0.295586318,-0.226021897,-0.18073835,-0.168086789,0.349198717,1982
simarouba_amara,15,1,SIMAROUBA,SIMAROUBACEAE,9.1521,-79.84647,ANIMAL,endo,T,PANAMA,NAM,N,BCI,0.671027578,37.89843616,27.91045734,32.39,48.02,36.78,43.37,0.178599245,0.273470844,0.350875182,-0.417761038,0.072645169,0.104380221,-0.075270428,1994
smilax_aspera,12,1,SMILAX,SMILACACEAE,37.93281,-2.91661,ANIMAL,endo,S,SPAIN,EUR,N,GUADAHORNILLOS VALLEY,1.52882781,74.61,50.65,53.92,47.78,56.49,60.53,0.15288689,0.534251557,0.522145828,0.208054274,-0.076226621,-0.201294836,-0.152453242,1984
sorbus_alnifolia,11,1,SORBUS,ROSACEAE,43.33286,141.85374,ANIMAL,endo,T,JAPAN,ASI,N,BIBAI HOKKAIDO,1.042337956,64.82,65.92,113.79,97.28,78.23,43.46,0.183248888,0.282254239,0.501857277,-0.103888139,-0.38731426,-0.142078354,-0.009865977,1992
sorbus_americana,19,1,SORBUS,ROSACEAE,44,-74.216667,ANIMAL,endo,T,USA,NAM,N,HUNTINGTON WILDLIFE FOREST,1.486308023,74.53,89.32,77.31,48.57,88.16,72.33,0.121849662,0.309642968,0.230557306,-0.311388557,0.096318441,-0.357703114,0.420968796,2000
sorbus_aucuparia,6.875,8,SORBUS,ROSACEAE,54.06535,3.66930875,ANIMAL,endo,T,USA,NAM,N,"KELLOGG FOREST,",1.295590627,83.245,94.72375,108.06375,74.815,96.2325,73.9125,0.197045733,0.311060755,0.300575169,-0.264904185,-0.208950996,0.159733876,-0.195165314,1989
sorbus_commixta,12,1,SORBUS,ROSACEAE,43.33286,141.85374,ANIMAL,endo,T,JAPAN,ASI,N,BIBAI HOKKAIDO,1.39990377,64.82,65.92,113.79,97.28,78.23,43.46,0.183248888,0.282254239,0.501857277,-0.198964485,0.362064025,-0.198505495,0.34717734,1992
sorocea_affinis,15,1,SOROCEA,MORACEAE,9.1521,-79.84647,ANIMAL,endo,S,PANAMA,NAM,N,BCI,1.064586957,37.89843616,27.91045734,32.39,48.02,36.78,43.37,0.178599245,0.273470844,0.350875182,-0.217533132,0.08184079,-0.000491098,-0.274684875,1994
spondias_mombin,15,1,SPONDIAS,ANACARDIACEAE,9.1521,-79.84647,ANIMAL,endo,T,PANAMA,NAM,N,BCI,1.136287809,37.89843616,27.91045734,32.39,48.02,36.78,43.37,0.178599245,0.273470844,0.350875182,0.13413107,0.563118196,0.166186479,0.095579497,1994
spondias_radlkoferi,15,1,SPONDIAS,ANACARDIACEAE,9.1521,-79.84647,ANIMAL,endo,T,PANAMA,NAM,N,BCI,1.171227253,37.89843616,27.91045734,32.39,48.02,36.78,43.37,0.178599245,0.273470844,0.350875182,-0.356763058,0.244300482,-0.032645526,-0.075532785,1994
styrax_obassia,14,1,STYRAX,STYRACACEAE,36.9333,140.5833,ANIMAL,dys,T,JAPAN,ASI,N,OGAWA FOREST PRESERVE,2.985169724,57.71,51.97,81.9,52.35,68.99,62.59,0.146928186,0.269964682,0.304109404,-0.069250674,-0.047900155,0.010314633,-0.01414685,1994
swida_controversa,11,1,SWIDA,CORNACEAE,43.33286,141.85374,ANIMAL,endo,T,JAPAN,ASI,N,BIBAI HOKKAIDO,1.151404068,64.82,65.92,113.79,97.28,78.23,43.46,0.183248888,0.282254239,0.501857277,-0.18809382,-0.27254863,-0.436552203,0.338345243,1992
tabebuia_guayacan,15,1,TABEBUIA,BIGNONIACEAE,9.1521,-79.84647,ANIMAL,non,T,PANAMA,NAM,N,BCI,1.340147025,37.89843616,27.91045734,32.39,48.02,36.78,43.37,0.178599245,0.273470844,0.350875182,-0.048094407,0.481723809,-0.229435584,0.0067245,1994
tabebuia_rosea,15,1,TABEBUIA,BIGNONIACEAE,9.1521,-79.84647,ANIMAL,non,T,PANAMA,NAM,N,BCI,0.552947894,37.89843616,27.91045734,32.39,48.02,36.78,43.37,0.178599245,0.273470844,0.350875182,0.322923353,0.146497809,0.025735612,0.023659492,1994
tabernaemontana_arborea,15,1,TABERNAEMONTANA,APOCYNACEAE,9.1521,-79.84647,ANIMAL,dys,T,PANAMA,NAM,N,BCI,0.891147989,37.89843616,27.91045734,32.39,48.02,36.78,43.37,0.178599245,0.273470844,0.350875182,0.254121377,0.129709622,-0.080783637,-0.098757309,1994
terminalia_amazonica,15,1,TERMINALIA,COMBRETACEAE,9.1521,-79.84647,ANIMAL,non,T,PANAMA,NAM,N,BCI,0.960458451,37.89843616,27.91045734,32.39,48.02,36.78,43.37,0.178599245,0.273470844,0.350875182,0.053229797,-0.198400582,-0.095832018,-0.347924189,1994
terminalia_oblonga,15,1,TERMINALIA,COMBRETACEAE,9.1521,-79.84647,ANIMAL,non,T,PANAMA,NAM,N,BCI,0.916279202,37.89843616,27.91045734,32.39,48.02,36.78,43.37,0.178599245,0.273470844,0.350875182,-0.064699459,-0.122069798,-0.187007897,0.140424055,1994
tetracera_hydrophila,15,1,TETRACERA,DILLENIACEAE,9.1521,-79.84647,ANIMAL,endo,LV,PANAMA,NAM,N,BCI,0.773788316,37.89843616,27.91045734,32.39,48.02,36.78,43.37,0.178599245,0.273470844,0.350875182,-0.042314442,-0.059543718,0.025882626,-0.214016207,1994
tetragastris_panamensis,13,2,TETRAGASTRIS,BURSERACEAE,9.1558265,-79.846878,ANIMAL,dys,T,PANAMA,NAM,N,ISLA BARRO COLORADO,0.882310812,37.89843616,27.91045734,32.39,48.02,36.78,43.37,0.178599245,0.273470844,0.350875182,0.061953629,-0.15184221,-0.200511681,-0.039834375,1993
tetrapterys_discolor,15,1,TETRAPTERYS,MALPIGHIACEAE,9.1521,-79.84647,ANIMAL,non,LV,PANAMA,NAM,N,BCI,1.060887913,37.89843616,27.91045734,32.39,48.02,36.78,43.37,0.178599245,0.273470844,0.350875182,-0.266707494,0.449265195,-0.337436538,0.125852307,1994
thinouia_myriantha,15,1,THINOUIA,SAPINDACEAE,9.1521,-79.84647,ANIMAL,non,LV,PANAMA,NAM,N,BCI,0.76412304,37.89843616,27.91045734,32.39,48.02,36.78,43.37,0.178599245,0.273470844,0.350875182,0.086066145,-0.232609687,-0.038664,-0.170591829,1994
thuja_occidentalis,10,2,THUJA,CUPRESSACEAE,60.90015,26.18575,WIND,non,T,FINLAND,EUR,N,BROMARV 56,1.445328907,100.56,130.885,138.85,92.03,120.3,78.345,0.166103536,0.341567053,0.333802914,-0.45491155,-0.178058601,0.294188726,-0.202372778,1966
thuja_plicata,12,1,THUJA,CUPRESSACEAE,44.18682,-122.2515,WIND,non,T,USA,NAM,N,HJ ANDREWS EXP FOREST,2.201607351,54.28,67.4,119.34,105.3,179.97,117.67,0.146425503,0.510853711,0.384016482,-0.184518461,0.067710161,0.141629257,-0.103201781,1960
tilia_cordata,16.33333333,3,TILIA,MALVACEAE,58.938989,20.44605567,ANIMAL,non,T,DENMARK,EUR,N,DRAVED FOREST,1.201813499,100.4466667,119.2633333,139.7566667,83.47666667,107.91,76.85,0.17188011,0.336804257,0.325394506,-0.282868838,0.116266436,-0.207424107,0.025070681,1973
trattinnickia_aspera,15,1,TRATTINNICKIA,BURSERACEAE,9.1521,-79.84647,ANIMAL,dys,T,PANAMA,NAM,N,BCI,1.149548154,37.89843616,27.91045734,32.39,48.02,36.78,43.37,0.178599245,0.273470844,0.350875182,0.186408447,-0.096420526,-0.114647877,0.114757488,1994
trichilia_pallida,15,1,TRICHILIA,MELIACEAE,9.1521,-79.84647,ANIMAL,dys,T,PANAMA,NAM,N,BCI,1.636366023,37.89843616,27.91045734,32.39,48.02,36.78,43.37,0.178599245,0.273470844,0.350875182,-0.023738087,-0.356033483,-0.125119762,-0.259076698,1994
trichilia_tuberculata,13,2,TRICHILIA,MELIACEAE,9.1558265,-79.846878,ANIMAL,dys,T,PANAMA,NAM,N,ISLA BARRO COLORADO,0.956820157,37.89843616,27.91045734,32.39,48.02,36.78,43.37,0.178599245,0.273470844,0.350875182,-0.080792269,-0.274290589,0.00072744,-0.02359038,1993
triplaris_cumingiana,15,1,TRIPLARIS,POLYGONACEAE,9.1521,-79.84647,ANIMAL,non,T,PANAMA,NAM,N,BCI,1.06116007,37.89843616,27.91045734,32.39,48.02,36.78,43.37,0.178599245,0.273470844,0.350875182,0.110260553,0.342217805,-0.007760937,0.033907728,1994
tsuga_hetrophylla,12,1,TSUGA,PINACEAE,44.18682,-122.2515,WIND,non,T,USA,NAM,N,HJ ANDREWS EXP FOREST,1.047913925,54.28,67.4,119.34,105.3,179.97,117.67,0.146425503,0.510853711,0.384016482,-0.386047674,-0.1104979,0.131639733,-0.352734,1960
tsuga_mertensiana,15.125,8,TSUGA,PINACEAE,45.48346625,-121.8242481,WIND,non,T,USA,NAM,N,CARPENTER MOUNTAIN,1.700555897,78.6675,77.25625,138.2225,62.635,117.9675,87.325,0.15053223,0.340996488,0.350308503,-0.304143387,-0.170786911,0.221310142,-0.22171107,1970
tynanthus_croatianus,15,1,TYNANTHUS,BIGNONIACEAE,9.1521,-79.84647,ANIMAL,non,LV,PANAMA,NAM,N,BCI,1.120525772,37.89843616,27.91045734,32.39,48.02,36.78,43.37,0.178599245,0.273470844,0.350875182,-0.373586233,0.172604254,-0.406914134,0.171575715,1994
ulmus_glabra,33,1,ULMUS,ULMACEAE,55.016667,8.966667,WIND,non,T,DENMARK,EUR,N,DRAVED FOREST,0.709339854,100.22,96.02,141.57,66.37,83.13,73.86,0.178265114,0.327278665,0.314969229,0.169671326,-0.172762152,-0.08777878,0.299297354,1986
vaccinium_stamineum,9,1,VACCINIUM,ERICACEAE,38.3,-81.61666,ANIMAL,endo,S,USA,NAM,N,SAVANNAH RIVER SITE,2.289458166,85.94,59.76,77.4,54.01,71.77,68.6,0.178692393,0.297719133,0.300804177,-0.047939117,-0.089797884,-0.090378505,-0.092448816,1999
vibernum_tinus,12,1,VIBURNUM,ADOXACEAE,37.93281,-2.91661,ANIMAL,endo,S,SPAIN,EUR,N,GUADAHORNILLOS VALLEY,1.342224298,74.61,50.65,53.92,47.78,56.49,60.53,0.15288689,0.534251557,0.522145828,-0.389979314,-0.092113216,-0.017770624,-0.008044291,1984
virola_sebifera,15,1,VIROLA,MYRISTICACEAE,9.1521,-79.84647,ANIMAL,dys,T,PANAMA,NAM,N,BCI,0.575868621,37.89843616,27.91045734,32.39,48.02,36.78,43.37,0.178599245,0.273470844,0.350875182,-0.195111097,-0.139736358,0.193781303,-0.179888245,1994
virola_surinamensis,10,2,VIROLA,MYRISTICACEAE,9.1521,-79.84647,ANIMAL,dys,T,PANAMA,NAM,N,BCI,0.69254208,37.89843616,27.91045734,32.39,48.02,36.78,43.37,0.178599245,0.273470844,0.350875182,-0.321436431,0.270435741,-0.128766372,0.067014818,1988
vitis_rotundifolia,9,1,VITIS,VITACEAE,38.3,-81.61666,ANIMAL,endo,LV,USA,NAM,N,SAVANNAH RIVER SITE,1.107166016,85.94,59.76,77.4,54.01,71.77,68.6,0.178692393,0.297719133,0.300804177,-0.226494791,0.105023787,-0.063399469,-0.140848074,1999
zanthoxylum_ekmanii,15,1,ZANTHOXYLUM,RUTACEAE,9.1521,-79.84647,ANIMAL,endo,T,PANAMA,NAM,N,BCI,1.077838711,37.89843616,27.91045734,32.39,48.02,36.78,43.37,0.178599245,0.273470844,0.350875182,0.289827255,0.497824696,0.016234805,0.014635317,1994
zelkova_serrata,6,1,ZELKOVA,ULMACEAE,38.298,141.569,WIND,non,T,JAPAN,ASI,N,KINKAZAN ISLAND,0.976467322,64.09,57.62,99.74,75.97,59.42,66.78,0.182537327,0.309228825,0.502772953,-0.363083583,-0.04005748,0.200748452,-0.168719392,2002
